{
    "file": "wire\/modules\/Process\/ProcessPageLister\/ProcessPageLister.module",
    "textdomain": "wire--modules--process--processpagelister--processpagelister-module",
    "translations": {
        "0eceeb45861f9585dd7a97a3e36f85c6": {
            "text": "Erstellt"
        },
        "35e0c8c0b180c95d4e122e55ed62cc64": {
            "text": "Ge\u00e4ndert"
        },
        "7b1255f8fdd0cb8751baee55621164e1": {
            "text": "Erstellt von"
        },
        "30269022e9d8f51beaabb52e5d0de2b7": {
            "text": "Elternseite"
        },
        "7acdf85c69cc3c5305456a293524386e": {
            "text": "Versteckt"
        },
        "0774e163cd7df482edd2abd498189f8b": {
            "text": "Nicht ver\u00f6ffentlicht"
        },
        "d0f2e5376298c880665077b565ffd7dd": {
            "text": "Gesperrt"
        },
        "a7e253cd8dd95da3e20daf45519a8dc2": {
            "text": "Papierkorb"
        },
        "57c17efa48d527f45393fdbf800500a0": {
            "text": "Unbekanntes Lesezeichen oder Lesezeichen nicht mehr aktiv"
        },
        "f3f43e30c8c7d78c6ac0173515e57a00": {
            "text": "Filter"
        },
        "860515850b6c6beae4343c42ecf3060f": {
            "text": "Filter hinzuf\u00fcgen"
        },
        "d050438ea9af830fff49ddbbad2218b0": {
            "text": "Standard Spalten"
        },
        "6d0999f49ddabda93eae8276595abe62": {
            "text": "Ausw\u00e4hlen und sortieren der Spalten zur Anzeige in der Seitenlisten-Tabelle."
        },
        "97bff91e1e9c0a1d8a8cc9a0c1ae88fc": {
            "text": "Optional kann der Benutzer die Spaltenansicht \u00e4ndern, dies legt nur den Standard fest."
        },
        "0e305a04b5eb6dc8bf502625710a74d3": {
            "text": "Die hier durchgef\u00fchrten \u00c4nderungen werden sofort im Ergebnis unten angezeigt."
        },
        "60170ad1f8db03dc180ee0ced484b19f": {
            "text": "Spalten in den Ergebnissen anzeigen"
        },
        "0c8ee3eeadc96eeeeb24e2a6dc9d4a5e": {
            "text": "Seiten anzeigen"
        },
        "e4ef81cce7e4e10033ebb10962dfdd5e": {
            "text": "Leer"
        },
        "de95b43bceeb4b998aed4aed5cef1ae7": {
            "text": "bearbeiten"
        },
        "1bda80f2be4d3658e0baa43fbe7ae8c1": {
            "text": "anzeigen"
        },
        "22af645d1859cb5ca6da0c484f1f37ea": {
            "text": "neu"
        },
        "a5158728109d8e67ae31b7b02bdc8b86": {
            "text": "%1$d bis %2$d von %3$d"
        },
        "3b8769d187c6c3306c50729bc43a9903": {
            "text": "Kein Ergebnis."
        },
        "7b0fb34fcab89b5e58429e5e917b98bb": {
            "text": "Alle Einstellungen zur\u00fcckgesetzt."
        },
        "de9ced9bf5e9829de4a93ad8c9d7a170": {
            "text": "Neu hinzuf\u00fcgen"
        },
        "590345301b23eb45c176da0fc139b191": {
            "text": "Spalten"
        },
        "a5e3d3ad4b54f37c48d9391d5ab35eed": {
            "text": "Ge\u00e4ndert von"
        },
        "ef7de3f485174ff47f061ad27d83d0ee": {
            "text": "ausgew\u00e4hlt"
        },
        "379a82f72eacfec4228f74d4e39f3eec": {
            "text": "Kindseiten aufz\u00e4hlen"
        },
        "3361493ce22b609b5d11f463c8bd8c6a": {
            "text": "Festgelegter 'include=' Modus ist hier nicht erlaubt."
        },
        "e418dc3d6d68592a1932bb1446975acb": {
            "text": "Nicht alle angegebenen Templates sind bearbeitbar. Nur 'include=hidden' ist erlaubt"
        },
        "12b585ee7c6e8dca3790262f321f3823": {
            "text": "Keine Templates festgelegt, somit ist maximal der 'include=hidden' Modus erlaubt"
        },
        "2cd1c7a79703fe25a98128ad343a621e": {
            "text": "Ergebnisse aktualisieren"
        },
        "d77a4f65dfe38bdbb76371048e3ae9ea": {
            "text": "Filter und Spalten auf Standard zur\u00fccksetzen"
        }
    }
}
