{
    "file": "wire\/core\/Inputfield.php",
    "textdomain": "wire--core--inputfield-php",
    "translations": {
        "1729a56cfc89021478498fe0c89a843a": {
            "text": "Sichtbarkeit"
        },
        "49632d1c8309d42371ab31fe84d56c91": {
            "text": "Wie soll dieses Feld im Editor angezeigt werden?"
        },
        "604b97c67341baddd9547c714add721c": {
            "text": "Immer ge\u00f6ffnet (Standard)"
        },
        "d7a1a486818eebace651ff191e42984f": {
            "text": "Nur eingeklappt falls leer"
        },
        "996d9abb10eeff734a994fcd5b449db6": {
            "text": "Nur eingeklappt falls ausgef\u00fcllt"
        },
        "c0b4e286b96d6d694cb7ecb152fe3e9d": {
            "text": "Immer eingeklappt; muss zum \u00d6ffnen angeklickt werden"
        },
        "8263d549648f539508587a67f38d008b": {
            "text": "Versteckt; wird im Editor nicht angezeigt"
        },
        "a785c32894aad6d7c1dc826a4bc0a4a3": {
            "text": "Spaltenbreite (%d%%)"
        },
        "0eb0b305235144ffe99e247b24200b09": {
            "text": "Breite im Verh\u00e4ltnis zum Container des Feldes (in Prozent, 10%-100%). Erzeugt nebeneinander angeordnete Spalten, falls es neben anderen Feldern mit reduzierter Breite positioniert ist."
        },
        "8387772e28e9c2b81fa8cb674e569663": {
            "text": "Hinweis: Nicht alle Felder werden auf reduzierter Breite funktionieren; Sie sollten die Ergebnisse \u00fcberpr\u00fcfen, nachdem Sie die Werte ver\u00e4ndert haben."
        },
        "6e18e908568ef24580d93bfd3e0f40d7": {
            "text": "Pflichtfeld?"
        },
        "c48c7243fc307fd425df738c9f0f4324": {
            "text": "Falls ausgew\u00e4hlt, muss in diesem Feld ein Wert eingegeben werden."
        },
        "2d7ff3fa8a1a844b270d96878d358762": {
            "text": "Lesen Sie mehr dazu [wie man dies anwendet](http:\/\/processwire.com\/api\/selectors\/inputfield-dependencies\/)"
        },
        "c7bc3fddddb62d5b656adc30cea77a55": {
            "text": "Pr\u00e4sentation"
        },
        "3cfa4a6238e2b559d3f52474e7545485": {
            "text": "Zeige dieses Feld nur wenn..."
        },
        "3b57940d51a0ed7f2d5c49363114bd0e": {
            "text": "Bedingung eingeben, unter welcher dieses Feld angezeigt wird."
        },
        "efdf8051d64766330e13627274b01787": {
            "text": "Bedingungen werden dargestellt mit einem \"field=value\" Selektor, welcher die passenden Felder und Werte enth\u00e4lt. Mehrere Bedingungen mit Komma trennen."
        },
        "8183d67b5c53c5fb254741c64ae6f98d": {
            "text": "Nur Pflichtfeld wenn..."
        },
        "bb0df4a2d5e0d99eaba53f152ff7f0f7": {
            "text": "Bedingung eintragen zu welcher ein Wert f\u00fcr dieses Feld ben\u00f6tigt wird."
        },
        "3c5df14c7c43b1d43c41b15476154474": {
            "text": "Gesperrt, immer eingeklappt und nicht \u00e4nderbar"
        },
        "5b6a6f08f86510a9580df3bb8b31bb2a": {
            "text": "Gesperrt, Eintrag sichtbar aber nicht \u00e4nderbar"
        },
        "c412235f3700a685388546e557292a7e": {
            "text": "Immer ge\u00f6ffnet und kann nicht eingeklappt werden"
        }
    }
}
