{
    "file": "wire\/modules\/Fieldtype\/FieldtypeComments\/CommentList.php",
    "textdomain": "wire--modules--fieldtype--fieldtypecomments--commentlist-php",
    "translations": {
        "8413c683b4b27cc3f4dbd4c90329d8ba": {
            "text": "Kommentare"
        },
        "4f7ba099c8cd7a8301cf1a8e81cb5e3c": {
            "text": "%e. %b %Y, %H:%M"
        },
        "25d8df6e580905091a0d5ef5b9e05bf0": {
            "text": "Antworten"
        },
        "6194a6554ccb6086b8809d2b3a5dddaf": {
            "text": "Finde ich gut"
        },
        "c7e01d04a86dacfbef51bb8cd79ae5eb": {
            "text": "Finde ich nicht gut"
        }
    }
}
