{
    "file": "wire\/modules\/System\/SystemUpdater\/SystemUpdater.module",
    "textdomain": "wire--modules--system--systemupdater--systemupdater-module",
    "translations": {
        "68b7f791d338e65dd897b4316c51a568": {
            "text": "System-Versionen und Upgrades verwalten."
        },
        "131f946cc232ed294bb1051fdb295d02": {
            "text": "System-Updater"
        },
        "e3087085dad248ad622f15449dc45832": {
            "text": "Hiermit k\u00f6nnen Sie ein System-Update wiederholen durch reduzieren der Versionsnummer."
        },
        "d7e351389cfa8187fc844808c5d524e7": {
            "text": "\u00c4nderung der Core-Version %1$s => %2$s festgestellt"
        },
        "2bb01c9e5f493e464bae4f127ac24891": {
            "text": "System Update Protokoll"
        },
        "83d345108e3c4ebe46ec3d2de0b7e463": {
            "text": "="
        }
    }
}