{
    "file": "wire\/modules\/Inputfield\/InputfieldCheckbox.module",
    "textdomain": "wire--modules--inputfield--inputfieldcheckbox-module",
    "translations": {
        "9c5373f59e41806b9e3e6f204b184bdc": {
            "text": "Einzelne Checkbox-Auswahl"
        },
        "2b8f534fb1669b00aeefa701d92a6a4c": {
            "text": "Wert f\u00fcr: Ausgew\u00e4hlt"
        },
        "bdbaf837c2e8cab5eeaef3e1bcf32084": {
            "text": "Falls etwas anderes als \"1\" angegeben wird, wird dies als Label direkt neben der Checkbox erscheinen."
        },
        "d8a01fab2cac915857b85bc332ec5393": {
            "text": "Wert f\u00fcr: Nicht ausgew\u00e4hlt"
        },
        "371048ea93404f39d61ae613be3a0b36": {
            "text": "Erscheint nur in Ergebnis-Eintr\u00e4gen, nicht im Formular selbst. Sie sollten es leer lassen, sofern Sie ihm keinen spezifischen Wert zuweisen m\u00f6chten."
        },
        "4f8222964f9a317cef99dddc23a121bd": {
            "text": "="
        }
    }
}