{
    "file": "wire\/modules\/Process\/ProcessUser\/ProcessUser.module",
    "textdomain": "wire--modules--process--processuser--processuser-module",
    "translations": {
        "d04d81faf16d84bd95fab030a5bd3ad8": {
            "text": "Die Rolle guest wird ben\u00f6tigt"
        },
        "1dae534355f564549697cc7da0eee7e7": {
            "text": "Sie d\u00fcrfen sich selbst die Rolle superuser nicht entziehen"
        },
        "a756ba771ff16a33ad921b8f017a7161": {
            "text": "Sie d\u00fcrfen die Rolle superuser nicht zuweisen"
        },
        "f9aae5fda8d810a29f12d1e61b4ab25f": {
            "text": "Benutzer"
        },
        "242e1deb2d082e524a63f255f9f08c11": {
            "text": "System-Benutzer verwalten"
        },
        "a5cd3ed116608dac017f14c046ea56bf": {
            "text": "Benutzerrollen"
        },
        "5dee1c6493112af5676354d6c4243fbe": {
            "text": "Der Benutzer erbt die der jeweiligen Rolle zugewiesenen Berechtigungen. Sie k\u00f6nnen einem Benutzer mehrere Benutzerrollen zuweisen. Beim Zugriff auf eine Seite erbt der Benutzer nur die Berechtigungen der Rollen, welche dem Template der Seiten zugewiesen sind."
        },
        "4b99fa96a7caeeafc646d0f0a059ea4d": {
            "text": "%d Benutzer"
        },
        "8103e74ea76ab74a0eabfc5d09e6588a": {
            "text": "%d Benutzer"
        }
    }
}
