{
    "file": "wire\/modules\/Process\/ProcessTemplate\/ProcessTemplate.module",
    "textdomain": "wire--modules--process--processtemplate--processtemplate-module",
    "translations": {
        "93cba07454f06a4a960172bbd6e2a435": {
            "text": "Ja"
        },
        "bafd7322c6e97d25b6299b5d6fe8920b": {
            "text": "Nein"
        },
        "729a51874fe901b092899e9e8b31c97a": {
            "text": "Sind Sie sicher?"
        },
        "f3f43e30c8c7d78c6ac0173515e57a00": {
            "text": "Filter"
        },
        "1ada25378d2f81d6394cb823cda822ad": {
            "text": "Nach Feld filtern"
        },
        "602717d1b0adbf6ff41366d6371e375d": {
            "text": "W\u00e4hlen Sie ein Feld. Nur Templates, die das Feld benutzen, werden angezeigt."
        },
        "3f8255a0588417dee11d58e2b92c59b4": {
            "text": "Templates mit Feld: %s"
        },
        "487cc58bb37a22e2cfc4d04c92267fee": {
            "text": "System-Templates anzeigen?"
        },
        "19a3fc9f896f1ef86f69f782be122c37": {
            "text": "Standardm\u00e4\u00dfig werden interne und System-Templates nicht angezeigt. Klicken Sie 'Ja', um sie der Templateliste unten hinzuzuf\u00fcgen."
        },
        "86ec8350e4740a4cc47328ee7c984d40": {
            "text": "Neue Templates hinzuf\u00fcgen"
        },
        "ff6be05386ed6fc79ccf24b5eb9432ac": {
            "text": "Templates und Feldgruppen hinzugef\u00fcgt: %s"
        },
        "0dea25b9c7f4d4afbe59f7f9b2741d29": {
            "text": "Templates gefunden in: %s"
        },
        "66c97c50054d31c710d96c0073ec4c78": {
            "text": "Die folgenden neuen Templates wurden gefunden. W\u00e4hlen Sie die Boxen neben den Templates aus, die Sie hinzuf\u00fcgen m\u00f6chten."
        },
        "f392144a3652c7daf4ee4f0377497709": {
            "text": "Keine neuen Template-Dateien gefunden in: %s"
        },
        "01582c3e65dc06c2cf178a0bdce2b4dd": {
            "text": "Ein neues Template ohne Datei anlegen"
        },
        "524fe63ba99d979ba854d38529c9abc1": {
            "text": "Wenn Sie ein neues Template anlegen m\u00f6chten, obwohl zur Zeit keine Datei damit verkn\u00fcpft ist, geben Sie hier den Namen des Templates ein."
        },
        "088244ca195e0e9e57bd38027406b66b": {
            "text": "Keine Datei-Endung einschlie\u00dfen"
        },
        "24a144ffc0e6aae299d3a23c2152e7fa": {
            "text": "Template bearbeiten: %s"
        },
        "545d923164ab07a1b18e48e526f51259": {
            "text": "Seiten, die dieses Template nutzen, k\u00f6nnen nicht angezeigt werden, da die Template-Datei (%s) nicht existiert [no-file]."
        },
        "a6cdf6c364498c02bdaa499492780445": {
            "text": "Ein optionales Label, um dieses Template zu beschreiben."
        },
        "b5b8f523cefee8895f19a223c85f431f": {
            "text": "Template-Zugriff verwalten"
        },
        "7a91f878f0e4c02c502a8d0583b0c6be": {
            "text": "Optionale Verwendung und Platzierung im Seitenbaum"
        },
        "501dba7089bbfb45c7c1a733477bcdc5": {
            "text": "Optionale Einstellungen f\u00fcr URLs von Seiten, die dieses Template nutzen"
        },
        "23f23b8b2e4cc5c8517468a6d001b3fd": {
            "text": "Caching der Ausgabe"
        },
        "244561833b6ce4599891cf9e33fb33d6": {
            "text": "Optionale erweiterte Template-Einstellungen"
        },
        "5dd56426fff182e0610cc0bf9d389437": {
            "text": "System-spezifische Template-Einstellungen"
        },
        "bef497d3a07d13fedba143fc543e606d": {
            "text": "Felder aus einem anderen Template importieren"
        },
        "0d4ca2b82aa1381b25348c8509009839": {
            "text": "Template l\u00f6schen"
        },
        "f89bc18e7afb05b3ac03300bec624b63": {
            "text": "L\u00f6schung best\u00e4tigen"
        },
        "833914963b9e76310195f43171e185a6": {
            "text": "Dieses Template darf nicht gel\u00f6scht werden"
        },
        "f7c9b4730186dec196b0eaf4be43f530": {
            "text": "System-Templates k\u00f6nnen nicht gel\u00f6scht werden"
        },
        "890f96a8e633d19ff700b360949982af": {
            "text": "Hinweis: L\u00f6schen des Templates entfernt es nur aus der Datenbank, die Template-Datei auf der Festplatte wird nicht gel\u00f6scht."
        },
        "0968f67bf85224770756cc134016da2b": {
            "text": "Als Standard verwaltet jedes Template seine eigene Gruppe von Feldern. Falls Sie diesem Template die Felder eines anderen Templates zuweisen m\u00f6chten, w\u00e4hlen Sie es hier aus."
        },
        "6f8d1b93e4aad53511c85e29ed36b3d0": {
            "text": "(Standard)"
        },
        "b6b0afb901a4db116f6b8403cf434280": {
            "text": "Dies ist eine Liste der Felder, die dieses Template nutzt, zur Referenz. Dieses Template erh\u00e4lt seine Felder vom Template '%s'."
        },
        "6daa35fd97a645b8e37cae080eab3de9": {
            "text": "Feld hinzuf\u00fcgen"
        },
        "71bb941583eef6e3e5ed3eaad39cc315": {
            "text": "Von einem anderen Template genutzte Felder duplizieren"
        },
        "0a18045f3c2d800b18fc146d3f16b97e": {
            "text": "Falls Sie die von einem anderen Template genutzten Felder duplizieren m\u00f6chten, w\u00e4hlen Sie diese hier aus. Bereits in diesem Template enthaltene Felder werden \u00fcbersprungen."
        },
        "0f62a8abd379b96004d8118b0d9a2399": {
            "text": "Um die Ausgabe dieses Templates zu cachen, geben sie die Dauer (in Sekunden) an, f\u00fcr die die Ausgabe gecached werden soll. Caching kann auf ressourcenlastigen Seiten signifikant den Seitenaufbau verbessern. Caching sollte aber nicht bei Templates verwendet werden, deren Daten sich st\u00e4ndig \u00e4ndert (z.B. Formulare oder Sessions). Beachten Sie auch, dass URL-Segmente zwar cachef\u00e4hig sind, die Variablen GET und POST aber nicht."
        },
        "e71a260bc8db16e30f2dedeba9440a25": {
            "text": "Beispiel: 60 = 1 Minute, 600 = 10 Minuten, 3600 = 1 Stunde, 86400 = 1 Tag, 604800 = 1 Woche, 2419200 = 1 Monat."
        },
        "fa15c33b6ad59f9f8183f1b3c68ab082": {
            "text": "Ablauf des Caches beim speichern der Seite"
        },
        "7ff5f438d6cc10c5f333e97329c72daa": {
            "text": "Wenn eine Seite, die dieses Template nutzt, gespeichert wird, wie soll sich der Cache verhalten?"
        },
        "fe4a994d36e75cfb408bdf0b5dd7af09": {
            "text": "Cache nur f\u00fcr die gespeicherte Seite leeren (Standard)"
        },
        "e83d2e6601e2f724159034563ad4fde0": {
            "text": "Cache der gesamten Seite leeren*"
        },
        "3bba41317ab3da84fd247ebaa32ea821": {
            "text": "Cache f\u00fcr die gespeicherte Seite und Elternseite (inklusive Homepage) leeren"
        },
        "f841b3150a439220f669e77e12ea0bda": {
            "text": "Cache f\u00fcr die gespeicherte Seite und andere Seiten, die ich angebe, leeren..."
        },
        "cd88ce600576fcc630878b5e374835a5": {
            "text": "Nichts tun"
        },
        "cac7796ca8e88c31d8b23733cb7aaf03": {
            "text": "*Um die Performance zu maximieren werden alle Cache-Dateien in einer Gruppe geleert anstatt individuell."
        },
        "7ebdcad871020558be972578bdf46a10": {
            "text": "Geben Sie die anderen Seiten an, deren Cache geleert werden soll"
        },
        "501a09415d30cab1819195e5566a0c0d": {
            "text": "Wenn Seiten, die dieses Template nutzen, gespeichert werden, werden ihre Cache-Dateien geleert. W\u00e4hlen Sie unten alle weiteren Seiten, deren Cache ebenfalls geleert werden soll."
        },
        "d6b522c2ed20093505dfa63be2ba0454": {
            "text": "Caching beim Seitenaufbau f\u00fcr diese Benutzer"
        },
        "787f82b093280bcb87901ea228d7b083": {
            "text": "Nur f\u00fcr G\u00e4ste"
        },
        "8a8e700d3ef2487708d671db81ed8ce3": {
            "text": "F\u00fcr G\u00e4ste und eingeloggte Benutzer"
        },
        "8d5e98c594942c49efea1af30c90efe5": {
            "text": "Beachten Sie, dass der Cache f\u00fcr Seiten, auf die der Benutzer Schreibzugriff hat, stets deaktiviert ist \u2013 unabh\u00e4ngig davon, was Sie hier einstellen."
        },
        "d1db89af3df82862d45c9755e9aa0075": {
            "text": "Den Cache deaktivierende GET-Variablen"
        },
        "ad63801f30d93a9f54257aa637d5ed89": {
            "text": "Den Cache deaktivierende POST-Variablen"
        },
        "f32d42af055544c46a989bceee851733": {
            "text": "Geben Sie optional einen oder mehrere Variablennamen an. Falls sie mehrere angeben, trennen Sie diese durch ein Leerzeichen."
        },
        "f9c716f29bd379e49e4485ea8afd1556": {
            "text": "Template umbenennen"
        },
        "f1a2199b60e95006b3d66f9eb5a9e621": {
            "text": "Der Name, der benutzt wird, um dieses Template zu referenzieren. Dies ist auch der erwartete Dateiname der Template-Datei (mit .php-Suffix) in \/site\/templates\/."
        },
        "04f22e1af73c705475a4cc38a5c89ae3": {
            "text": "Der Dateiname des Templates ist schreibbar und wird ebenfalls umbenannt."
        },
        "8d5a5a7af810d2ef80cf02082615c9dd": {
            "text": "Der Dateiname des Templates ist nicht schreibbar, daher m\u00fcssen Sie ihn von Hand \u00e4ndern (Anweisungen folgen, nachdem Sie gespeichert haben)."
        },
        "30281e3b2fa626d5f52c833c541c84ac": {
            "text": "Dieses Template duplizieren\/klonen?"
        },
        "b69fde670b130ace1c7890c8be5b289b": {
            "text": "W\u00e4hlen Sie die unten stehende Box aus, wenn sie ein Duplikat\/einen Klon dieses Templates anlegen m\u00f6chten. Der Klon wird angelegt, wenn Sie speichern. Falls Ihr Template-Verzeichnis beschreibbar ist und dem Template eine Datei zugeordnet ist, wird diese ebenfalls geklont."
        },
        "e9c90e0ba4fdd701df9d4ff73c82dc3e": {
            "text": "Alternativer Template-Dateiname"
        },
        "f8faba0e1d9c277a84bb16a48f9d57f6": {
            "text": "Dateiname des Templates falls unterschiedlich von: %s"
        },
        "217ca16c1e160b229a71c244512c3d4d": {
            "text": "Template-Dateien werden in folgendem Verzeichnis erwartet: %s"
        },
        "043008c261f9d0e109c03ab63e047bcd": {
            "text": "Erwartetes Datei-Suffix von Template-Dateien ist: %s"
        },
        "7328590933d4202f89220d6b435b0e8f": {
            "text": "Liste der Felder, die in der Seitenliste im Admin-Bereich angezeigt werden"
        },
        "61b468c296e8ff1ed4c18bd86392e1cc": {
            "text": "Geben Sie einen oder mehrere mit diesem Template verkn\u00fcpfte Feld-Namen an, die in der Seitenliste im Admin-Bereich angezeigt werden sollen, wenn Seiten aufgelistet werden, die diese Template verwenden. Falls leer, werden stattdessen die Felder verwendet, die in der Konfiguration des Moduls Seiten-Liste vorgegeben sind. Feld-Namen sollten mit einem Leerzeichen und\/oder Komma getrennt werden. Leere Felder werden ignoriert."
        },
        "b1a8a50c7276f36aeca631c5f4d18c9d": {
            "text": "Sie k\u00f6nnen eines oder mehrere dieser Felder angeben:"
        },
        "dc8ce981931b1e9b1f784c57730a67c1": {
            "text": "Beachten Sie bitte, dass alle diese Systemeinstellungen f\u00fcr die Systementwicklung von ProcessWire vorgesehen sind (nicht f\u00fcr die Seiten-Entwicklung). Benutzung auf eigene Gefahr."
        },
        "3920cc9a9feba6acfae659a68688f13c": {
            "text": "System-Flag?"
        },
        "e92f2f24e876c414f6cca0e1ed3bfa73": {
            "text": "Falls ausgew\u00e4hlt, wird dieses Template als System-Template festgelegt und kann nicht gel\u00f6scht werden. Wenn das System-Flag gesetzt ist, kann es nur \u00fcber die API gel\u00f6scht werden (flagSystemOverride)."
        },
        "86c66b6c28f25016de70be40475eb881": {
            "text": "API: $template->flagSystem = 1; \/\/ oder mit 0 deaktivieren"
        },
        "0b81495a48a77b7743e0a20fa02e6af9": {
            "text": "Klassenname der Seite"
        },
        "cfab2e7a62a89871220c3ebac5367331": {
            "text": "Name der PHP-Klasse, die benutzt wird, um Seiten zu erzeugen, die dieses Template verwenden. Standard: Seiten werden mit der Klasse Page erzeugt. Sie sollten diese Einstellung leer lassen, sofern sie keine aus der Klasse Page abgeleitete Klasse haben, die die verwenden m\u00f6chten."
        },
        "85ac227eb16808008afaf07f66cf0f7e": {
            "text": "Globale Felder \u00fcberspringen?"
        },
        "fd83133f05e8bacf7eb368a2d95de8fe": {
            "text": "Standardm\u00e4\u00dfig ist ein als 'global' markiertes Feld auf allen Templates erforderlich (und wird automatisch allen Templates hinzugef\u00fcgt, die es nicht haben). Falls dieses Template einen speziellen Zweck hat, bei dem globale Felder nicht n\u00fctzlich sind, k\u00f6nnen SIe diese Box ausw\u00e4hlen, damit dieses Template globale Felder \u00fcberspringt."
        },
        "381e3cba7a92b2d007d0d534a58b17ff": {
            "text": "API: $template->noGlobal = 1; \/\/ oder mit 0 deaktivieren"
        },
        "0176d878928026caefe7c81262335e1d": {
            "text": "Feld 'Name' im Inhalts-Tab anzeigen?"
        },
        "61788997b579a9bcfe17e394d394ad01": {
            "text": "Voreingestellt ist, dass das integrierte Feld 'Name' im Einstellungs-Tab des Seiteneditors erscheint. W\u00e4hlen Sie diese Box aus, wenn Sie es stattdessen im Inhalts-Tab ausgeben m\u00f6chten."
        },
        "e864c0d94cbc5dc0faf1ce78d9021e63": {
            "text": "API: $template->nameContentTab = 1; \/\/ oder mit 0 deaktivieren"
        },
        "42a6e7a5ed0d0ae111fa88a2ccf1aca2": {
            "text": "Verschieben von Seiten nicht erlauben?"
        },
        "518270f594c5488ff1f8de2ac0429f0e": {
            "text": "Wenn Sie verhindern wollen, dass Seiten, die dieses Template nutzen, verschoben werden (und sich dabei die Elternseite \u00e4ndert), w\u00e4hlen Sie diese Box aus."
        },
        "7ee14ea7ba968378f99fb3efa7ac22da": {
            "text": "API: $template->noMove = 1; \/\/ oder mit 0 deaktivieren"
        },
        "b919a5aafc6740109c0c58fe51916178": {
            "text": "Nicht erlauben, dass Seiten ihr Template wechseln?"
        },
        "6bb5af6d5240fb8b1d720a7e5bec4497": {
            "text": "Falls ausgew\u00e4hlt, wird Seiten, die dieses Template verwenden, nicht erlaubt, auf ein anderes Template zu wechseln."
        },
        "5c9171f7b16eac3245d2e5f3e79aadbc": {
            "text": "API: $template->noChangeTemplate = 1; \/\/ oder mit 0 deaktivieren"
        },
        "29f47bc61ea7a6f45ee3d36da3a3feff": {
            "text": "Nicht ver\u00f6ffentlichte Seiten nicht erlauben"
        },
        "94c9fe9ddbd9380ceb726bef40232ea3": {
            "text": "Falls ausgew\u00e4hlt, d\u00fcrfen Seiten, die dieses Template verwenden, nur in ver\u00f6ffentlichtem Zustand bestehen und k\u00f6nnen nicht depubliziert werden."
        },
        "691edb2dd99517cf0e15dbf596e10cc5": {
            "text": "API: $template->noUnpublish = 1; \/\/ oder mit 0 deaktivieren"
        },
        "19a460b1edf9cc0616cd0ce03e9a0ddf": {
            "text": "Papierkorb-Option deaktivieren?"
        },
        "38354c9531a0d7056f7f98de8810a2f1": {
            "text": "Falls ausgew\u00e4hlt, werden Seiten, die dieses Template verwenden, nicht die Option haben, in den Papierkorb verschoben zu werden."
        },
        "69385004eb4f22d17482beb09e549453": {
            "text": "API: $template->noTrash = 1; \/\/ oder mit 0 deaktivieren"
        },
        "a7c1ec59b9f4fea9e41e1ca799437193": {
            "text": "Einstellungs-Tab deaktivieren?"
        },
        "abad59d4cf5691fd0506cb650dff0f5b": {
            "text": "Falls ausgew\u00e4hlt, werden Seiten, die dieses Template verwenden, im Editor kein Tab 'Einstellungen' haben."
        },
        "6a90024dcca935af3329542c3f346229": {
            "text": "API: $template->noSettings = 1; \/\/ oder mit 0 deaktivieren"
        },
        "0f79346b34fe5a07bf9ad38ef37e1723": {
            "text": "Darf dieses Template f\u00fcr neue Seiten verwendet werden?"
        },
        "6ab8ac5b13a48347d2ca00a38bb06f94": {
            "text": "Ein Beispiel eines Templates, welches Sie nicht f\u00fcr neue Seiten freigeben m\u00f6chten, w\u00e4re das Template f\u00fcr die Homepage."
        },
        "1b50b9bdfa1846ef031dc3cc190267d6": {
            "text": "Zul\u00e4ssige(s) Template(s) f\u00fcr Elternseiten"
        },
        "8d3a827d5474c79dc3434e5e29f7a80f": {
            "text": "W\u00e4hlen Sie das\/die Template(s), welche(s) Elternseiten von Seiten, die dieses Template verwenden, haben d\u00fcrfen. Benutzen Sie dies nur, falls Sie die Platzierung von Seiten, die dieses Template verwenden, spezifisch einschr\u00e4nken m\u00f6chten."
        },
        "dc70febc65985c326b6d7a85502ddc0a": {
            "text": "Falls keine ausgew\u00e4hlt werden, ist jedes Eltern-Template (innerhalb des Zugriffsrechte eines Benutzers) erlaubt. Zum Beispiel k\u00f6nnte ein Template 'angestellte' existieren, das nur Seiten mit dem Template 'firmen-uebersicht' als Elternseite haben darf."
        },
        "1e791aefe4014d2551110c4348279487": {
            "text": "Zul\u00e4ssige(s) Template(s) f\u00fcr Unterseiten"
        },
        "fcdd2e278208618dfa795ed85ba1eb06": {
            "text": "W\u00e4hlen Sie das\/die Template(s), welche(s) Unterseiten von Seiten, die dieses Template verwenden, haben d\u00fcrfen. Benutzen Sie dies nur, falls Sie die Platzierung von Seiten, die dieses Template verwenden, spezifisch einschr\u00e4nken m\u00f6chten."
        },
        "9927f70231db8b53612513d00b934a7c": {
            "text": "Falls keine ausgew\u00e4hlt werden, ist jedes Template (innerhalb des Zugriffsrechte eines Benutzers) erlaubt. Zum Beispiel k\u00f6nnte ein Template 'news-liste' existieren, das nur Seiten mit dem Template 'news-meldung' oder 'presse-mitteilung' als Unterseiten haben darf."
        },
        "67c0041f81951ac9b6b46dd2311fb9aa": {
            "text": "Sortierungseinstellungen f\u00fcr Unterseiten"
        },
        "2a233a750cca4cc7bde0dcc7f8a2c4ec": {
            "text": "Falls sie m\u00f6chten, dass Unterseiten automatisch nach einem bestimmten Feld sortiert werden, w\u00e4hlen Sie es hier aus. Ansonsten w\u00e4hlen Sie \"Keines\", damit dies stattdessen pro Seite gesetzt wird. Dies \u00fcberschreibt die Seiten-Einstellung; falls Sie also etwas anderes als \"Keines\" w\u00e4hlen, wird die Option zur Sortierung auf Seiten, die dieses Template nutzen, nicht erscheinen."
        },
        "fd80e24b28f66f7a579ced68340fd3fa": {
            "text": "Pagination (Seitenzahlen) erlauben?"
        },
        "3a426f05b968cc7c6022ac1388e7d8e7": {
            "text": "URL-Segmente erlauben?"
        },
        "d5bf40c0f8c27c98db4d65ebc8cdc0c7": {
            "text": "Sollen Seiten-URLs mit einem Slash ('\/') enden?"
        },
        "60cb362641cd33525562c9d62d0f8d18": {
            "text": "Falls 'Ja' gew\u00e4hlt wird, enden URLs von Seiten, die dieses Template verwenden, stets mit einem abschlie\u00dfenden Slash '\/'. Falls die Seite von einer URL ohne Slash aufgerufen wird, wird sie darauf umgeleitet. Falls 'Nein' gew\u00e4hlt wird, wird die Version ohne Slash erzwungen. Beachten Sie, dass dieses Verhalten nicht f\u00fcr URL-Segmente oder Paginationen erzwungen wird, nur f\u00fcr tats\u00e4chliche Seiten-URLs. Falls Sie keine Vorliebe haben, empfiehlt es sich, 'Ja' beizubehalten."
        },
        "249e45d525f325778f98cdd90eaf0b32": {
            "text": "HTTP oder HTTPS"
        },
        "d50c90d8cbe8ba3ac7178aeb59f93b68": {
            "text": "Nur HTTPS (SSL-verschl\u00fcsselt)"
        },
        "ea43e91e88d8e9dd3cd46d5470fb71d6": {
            "text": "Nur HTTP"
        },
        "ecb1f1de9e0f813e37e40e2aa016c008": {
            "text": "Falls Ihre Site ein SSL-Zertifikat besitzt und \u00fcber HTTPS erreichbar ist, k\u00f6nnen Sie einstellen, dass Seiten, die dieses Template nutzen, nur per HTTPS oder HTTP abrufbar sind. Falls Sie unten zum Beispiel 'Nur HTTPS' ausw\u00e4hlen und eine Anfrage f\u00fcr eine Seite per HTTP erfolgt, wird sie automatisch auf die HTTPS-Version umgeleitet. Standard ist, dass ProcessWire Verbindungen \u00fcber HTTP oder HTTPS zul\u00e4sst."
        },
        "707380d7bcc2ece9eead5a5879fb1c22": {
            "text": "M\u00f6chten Sie die Berechtigung verwalten, Seiten, die dieses Template verwenden, zu betrachten und zu bearbeiten?"
        },
        "22ac5f69365966a7ce509e349b23539a": {
            "text": "Falls Sie 'Ja' ausw\u00e4hlen, k\u00f6nnen Sie festlegen, welche Benutzerrollen Zugriff auf Seiten haben, die dieses Template verwenden. Falls Sie 'Nein' ausw\u00e4hlen, erben Seiten, die dieses Template verwenden, die Zugriffsrechte Ihrer Elternseiten."
        },
        "26b6d64574e88f30f407e16212dc4d57": {
            "text": "Was soll geschehen, wenn ein Benutzer ohne Zugriffsrechte versucht, eine Seite zu betrachten?"
        },
        "e13c4cbb7f089450e12b10561001f9e1": {
            "text": "Falls ein Benutzer versucht, eine Seite zu betrachten, die dieses Template verwendet, ohne Zugriff auf diese Seite zu haben, was soll geschehen?"
        },
        "998806f5cd0395d2ea2c406b57463397": {
            "text": "404-Seite anzeigen"
        },
        "1adb25e12d2b0d06683c3dc04e833631": {
            "text": "Login-Seite anzeigen: %s"
        },
        "225237dc381e612f4bbf08dd75efdb71": {
            "text": "Auf eine andere URL umleiten"
        },
        "6b01f3d73dbcea918c2e08424f41c87c": {
            "text": "Geben Sie die URL an, auf die umgeleitet werden soll, falls ein Benutzer keine Zugriffsrechte hat."
        },
        "b12715241d6f9d36629e189651930f08": {
            "text": "Dieses Feld ist nur relevant, falls Sie oben \"Auf eine andere URL umleiten\" gew\u00e4hlt haben."
        },
        "2f2055affca16d8404e278fc1d6c3a07": {
            "text": "Optional: Bei Bedarf k\u00f6nnen Sie Ihrer URL das Tag '{id}' (vielleicht als GET-Variable) hinzuf\u00fcgen. Es wird durch die ID der angeforderten Seite ersetzt."
        },
        "77b116ba76d6cad7420de0729f5437cb": {
            "text": "Sollen Seiten f\u00fcr Besucher ohne Zugriffsrechte durchsuchbar sein?"
        },
        "6ceb6814781363fa5e58fc38fe5910a1": {
            "text": "Was soll in Suchen und Seitenlisten geschehen, wenn ein Benutzer keine Zugriffsrechte auf eine Seite, die dieses Template verwendet, hat?"
        },
        "9afb9f536d5471f188308f8e160a555c": {
            "text": "Ja \u2013 Seiten erscheinen in Suchen\/Seitenlisten, auch wenn der Benutzer keine Berechtigung hat, sie zu betrachten"
        },
        "ac32650de5a87d0e83f088edcefbc9a8": {
            "text": "Nein \u2013 Seiten erscheinen NICHT in Suchen\/Seitenlisten, wenn der Benutzer keine Berechtigung hat, sie zu betrachten"
        },
        "724da4546b6908025f8a9fa99885297f": {
            "text": "API-Hinweis: Diese Einstellung beeinflusst die Ergebnisse von $pages->find(), $page->children() und anderen Funktionen, die PageArrays zur\u00fcckliefern."
        },
        "e91c9dce55b792f0254aeb69ba314f17": {
            "text": "Welche Benutzerrollen k\u00f6nnen auf Seiten, die dieses Template verwenden (und auf die, an die es vererbt), zugreifen?"
        },
        "13944cf77acdf1b9e49f6383c101ae89": {
            "text": "(alle)"
        },
        "211addf77f182a8c4e3b0911eb82e05f": {
            "text": "Template gel\u00f6scht"
        },
        "ce79a399cbe0a2128106c428d5f5227c": {
            "text": "Template gespeichert: %s"
        },
        "0ad1fc6237db839537da704c90b40c53": {
            "text": "Klon des Templates \"%1$s\" namens \"%2$s\" erstellt. Sie k\u00f6nnen den Klon umbenennen, indem Sie \"%2$s\" bearbeiten und das \"Erweitert\"-Tab \u00f6ffnen."
        },
        "dbb2a9bf7f53894204e7b75a4a323fa2": {
            "text": "Fehler beim duplizieren dieses Templates"
        },
        "a9b81f1f8d87e20c79d70ad42cc924e3": {
            "text": "Felder von \"%1$s\" nach \"%2$s\" dupliziert"
        },
        "a2b2765c9702ca543cd769b157062377": {
            "text": "Feld \"%s\" darf nicht entfernt werden, da es global von allen Feld-Gruppen ben\u00f6tigt wird"
        },
        "6e82edd479b2b5c07f250031d13a9b92": {
            "text": "Feld-Gruppe gespeichert: %s"
        },
        "fddc330c21a2e3fa08c9af7307dd2046": {
            "text": "Felder, die gel\u00f6scht werden"
        },
        "c69da3a709ad376098eb517be436a12b": {
            "text": "Sie haben eine \u00c4nderung der Feld-Gruppe von \"%1$s\" zu \"%2$s\" angefordert."
        },
        "0cd878f5f6c3ecd2d309d74c608cf0e3": {
            "text": "Die folgenden Felder werden auf Seiten, die dieses Template verwenden, dauerhaft gel\u00f6scht:"
        },
        "794ed990b58e042f53c8e1b0f9c48b77": {
            "text": "Bitte best\u00e4tigen Sie, dass Sie die oben stehenden Hinweise verstehen und die Feld-Gruppe \u00e4ndern wollen, indem Sie die Box ausw\u00e4hlen und das Formular abschicken."
        },
        "1a1e5b08d1538484177a49ce2168b297": {
            "text": "Bitte best\u00e4tigen Sie, dass Sie die Feldgruppe von %1$s\" zu \"%2$s\" \u00e4ndern m\u00f6chten"
        },
        "95faabcca5ce9361cfbbfdac564540a6": {
            "text": "\u00c4ndere Feld-Gruppe im Template: %s"
        },
        "48a72eabb7f3f13f0d942bb2cdfe9811": {
            "text": "\u00c4nderung der Feld-Gruppe abgebrochen"
        },
        "62596dd3b1918d492b97f5945dc8aea8": {
            "text": "Feld-Gruppe der Templates ge\u00e4ndert in: %s"
        },
        "b58b1fada0411080ca80b5199d2e56ce": {
            "text": "Felder entfernt aus Template: %s"
        },
        "b82a3ccab15c9f7ea79ccae4fb4b7c3a": {
            "text": "Felder aus dem Template entfernen"
        },
        "297401f75a53c46e41a44c9d91738f1e": {
            "text": "Sie haben angeordnet, eines oder mehrere Felder aus dem Template zu entfernen. Das bewirkt, dass mit dem\/den Feld(ern) verkn\u00fcpfte Daten dauerhaft gel\u00f6scht werden. Falls die zu l\u00f6schenden Felder viele Daten enthalten, kann die Ausf\u00fchrung dieses Vorgangs eine Weile dauern, nachdem Sie best\u00e4tigt und das Formular abgeschickt haben. Best\u00e4tigen Sie bitte, dass Sie dies verstanden haben und das\/die Feld(er) l\u00f6schen m\u00f6chten, indem Sie die unten stehenden Boxen ausw\u00e4hlen."
        },
        "b9b9ac08c6bde335d1b5758d4dfcd1da": {
            "text": "Entferne Feld \"%1$s\" aus Template \"%2$s\""
        },
        "3617ad2fed81de1357bb35b0459bf8b8": {
            "text": "Dieses Template kann nicht umbenannt werden, da es ein System-Template ist"
        },
        "690d663be740c77b16476dfd06a4a4b7": {
            "text": "Der Name \"%s\" wird bereits verwendet"
        },
        "7b2365f3c03bbf66c17531b39af975f9": {
            "text": "Template \"%1$s\" in \"%2$s\" umbenannt"
        },
        "348267a4dada558acc9b2cd1b68ad41e": {
            "text": "Template-Datei \"%1$s\" in \"%2$s\" umbenannt"
        },
        "ea24ff7efc7e185e1c6f8d52266fefdc": {
            "text": "Kann \"%1$s\" nicht in \"%2$s\" umbenennen (im Verzeichnis \"%3$s\"). Sie m\u00fcssen diese Datei im Dateisystem manuell umbenennen."
        },
        "cbb29209ccd6a869e389572e793b1f1b": {
            "text": "Die Template-Datei \"%1$s\" existiert nicht im Verzeichnis \"%2$s\". Sie m\u00fcssen die Datei \"%3$s\" manuell im Dateisystem in \"%1$s\" umbenennen."
        },
        "d40a1614c5e9e10db2d5d9f94a0482bb": {
            "text": "Benenne Template \"%1$s\" in \"%2$s\" um"
        },
        "f7c1d3ba270aa43fe36e00ee3a1e9718": {
            "text": "Bitte best\u00e4tigen Sie, dass Sie dieses Template umbenennen m\u00f6chten, in dem Sie die unten stehende Box ausw\u00e4hlen."
        },
        "82ae9be0c318ed67592703448c77d4d6": {
            "text": "Die Template-Datei \"%s\" scheint beschreibbar zu sein. Es wird versucht, sie umzubenennen, wenn Sie das Formular absenden."
        },
        "df3f89873c6527f24453345a6b7f263f": {
            "text": "Die Template-Datei \"%1$s\" ist nicht beschreibbar. Bitte benennen Sie die Datei in \"%2$s\" um, ehe Sie das Formular absenden."
        },
        "29a2d50c9d90354a16943888d8e700da": {
            "text": "Feld \"%1$s\" aus Template\/Feld-Gruppe \"%2$s\" entfernt"
        },
        "da49c8bb3f9748634bedc77fac9221f9": {
            "text": "Feld \"%1$s\" zu Template\/Feld-Gruppe \"%2$s\" hinzugef\u00fcgt"
        },
        "31a0330754505f0778be18e7b4dbc661": {
            "text": "Templates auflisten und bearbeiten, die die Seitenausgabe kontrollieren"
        },
        "e08a48beb01151e3dbd6c4b01d14d641": {
            "text": "Alle anzeigen"
        },
        "adc3250d7ccf9a0303cc0b44d70917d6": {
            "text": "Seiten"
        },
        "6468942ecc94c202802ee17efdbda184": {
            "text": "Felder"
        },
        "b16492fba46029659b0d16ce05bab82f": {
            "text": "Neues Template hinzuf\u00fcgen"
        },
        "799ef6a367b3b36deb5be25ef8e7c91a": {
            "text": "Zugriff"
        },
        "0daea515bb26aec31f4e6ebbee953cd7": {
            "text": "Familie"
        },
        "3be3efa6643b5a3f2af79ace0a5145c4": {
            "text": "Erweitert"
        },
        "b2a6343356c7cf0f4c1aae50c2cac1b7": {
            "text": "L\u00f6schen"
        },
        "d5778a8b84efb3233d070016adb93326": {
            "text": "Speichern"
        },
        "03a481d8869ea4aa815e15943c4577dd": {
            "text": "Feld-Gruppe"
        },
        "2bcb87bddf14231177c0d5a7be879871": {
            "text": "Felder"
        },
        "c900d3e459e4a6e87b601d950c86a3bb": {
            "text": "Felder"
        },
        "3542eba15a5738faa3ec20dac5e8c2b1": {
            "text": "Cache-Zeit"
        },
        "afd2f2d22bac5fd1faf1abf753685366": {
            "text": "Rolle"
        },
        "30a75d09489b9f6a393c3885b81ec0b1": {
            "text": "Seiten ansehen"
        },
        "a42aa7fb5a74afbdcaf92c44bd99bd3c": {
            "text": "Seiten bearbeiten"
        },
        "e431e1335b3c843758bbed8b021eeee9": {
            "text": "Seiten anlegen"
        },
        "46c22ba22392809d478c6f312de87f62": {
            "text": "Unterseiten hinzuf\u00fcgen"
        },
        "a7e26a26319b0fc9973181a9d9c1baaa": {
            "text": "Weiter"
        },
        "af497bbd8d42241e09e0f593a8550aa3": {
            "text": "Felder entfernen"
        },
        "e37f4fc0441c524ee5a89453f12178c8": {
            "text": "Template hinzuf\u00fcgen"
        },
        "0f12f2b440ad104a1ee7cb027aba8b18": {
            "text": "Templates hinzuf\u00fcgen"
        },
        "adf92855ccc9fe04707fd12688a17c59": {
            "text": "Dieses Template wird von einer Seite verwendet"
        },
        "d26c2f7eb253b0202c2769f3dd232d96": {
            "text": "Dieses Template wird von %d Seiten verwendet"
        },
        "14bcc27345b2325a5e492384a734c1aa": {
            "text": "Template wird von einer Seite verwendet"
        },
        "957ba77c721f931f1ad38ed47b98fd0d": {
            "text": "Template wird von %d Seiten verwendet"
        },
        "65f037a0e08b94d9e42932b68c5eaf29": {
            "text": "Die Feld-Gruppe dieses Templates wird von einem weiteren Template verwendet"
        },
        "18dec3122ea08276dd94476904bcef7b": {
            "text": "Die Feld-Gruppe dieses Templates wird von %d weiteren Templates verwendet"
        },
        "dcc07e185c0c88ca7c4439fbaa56e4cb": {
            "text": "Wenn die Template-Ausgabe gecached wird, ist die Standardeinstellung, Variablen dieses Typs zu ignorieren. Sie k\u00f6nnen optional eine oder mehrere Variablennamen angeben, die Caching f\u00fcr diese Anfrage deaktivieren, also daf\u00fcr sorgen, dass die Seite ohne Cache gerendert wird."
        },
        "e1f4b06346cdbed5063a5e42a9593f59": {
            "text": "Geben Sie eine beliebige Kombination aus Buchstaben (a-z), Zahlen (0-9), Binde- oder Unterstrichen (keine Leerzeichen) an, ohne die .php-Dateiendung anzugeben."
        },
        "6064635b0dec3189859052c02adc0fc5": {
            "text": "Erlauben, dass der 'anlegende Benutzer' der Seiten ge\u00e4ndert werden darf?"
        },
        "16a657e6bf4576ef101f1bcca129694c": {
            "text": "Falls ausgew\u00e4hlt, haben Seiten, die dieses Template nutzen, eine Option, den Teil 'Erstellt vom Benutzer' zu \u00e4ndern (nur f\u00fcr Superuser). Damit k\u00f6nnen auch die Felder $page->createdUser oder $page->created_users_id \u00fcber die API gespeichert werden."
        },
        "1684cd1767cda6618ed92febec9e78c6": {
            "text": "API: $template->allowChangeUser = 1; \/\/ oder mit 0 deaktivieren, Standard ist 0"
        },
        "7f511c25eccff9ce7127eecfb136f443": {
            "text": "Jeder Tag muss ein Wort sein (Silbentrennung erlaubt)."
        },
        "a8d7050d17168bae58f775f20d56eeba": {
            "text": "D\u00fcrfen Seiten, welche dieses Template nutzen, Kinder haben?"
        },
        "0630333bf0b09b371182fe756dec526a": {
            "text": "URL Segmente"
        },
        "289abb71620e21f484c91df47d263eec": {
            "text": "Seiten Nummern"
        },
        "4cca2a863deef0fc4de9115b9164537b": {
            "text": "Nicht getagged"
        },
        "189f63f277cd73395561651753563065": {
            "text": "Stichworte"
        },
        "5cb36b26303f4abb0dea36f9bb96887f": {
            "text": "Wenn Sie Templates gruppieren wollen, dann tragen Sie bitte Stichworte ein. Tragen Sie dieses Stichwort in ein anderes Template ein um es der Gruppe hinzuzuf\u00fcgen. Mehrere Stichworte trennen Sie durch Leerzeichen. Das macht Sinn wenn Sie eine gro\u00dfe Seite nutzen wollen."
        },
        "9238cda6a9c91cd5cc846791a49ba3ab": {
            "text": "Um Seiten einklappbar zu machen, schreiben Sie bitte einen Strich vor den Namen. Beispiel: -hello"
        },
        "b81ec9ff37dd594fd51bb7b72bc82e34": {
            "text": "Keine Datei"
        },
        "a90b5efafea041e94da7fffd2bd530a3": {
            "text": "Grundlagen"
        },
        "de4914b2943f3cfce0232ae281a8b155": {
            "text": "Im \"Seite-hinzuf\u00fcgen\" Shortcut Men\u00fc anzeigen?"
        },
        "eaf9115aadc503ff009e4c769963a877": {
            "text": "Wenn markiert, ist dieses Template im \"neue Seite hinzuf\u00fcgen\" Shortcut Button\/Men\u00fc auf der Hauptseite der Seitenansicht zu sehen. Dies setzt voraus dass alle Bedingungen erf\u00fcllt sind (siehe unten)."
        },
        "91426b7105692d7c29b6307385ea99d1": {
            "text": "**Bedingungen, welche f\u00fcr diese Funktion notwendig sind**"
        },
        "635a2459897d3f0072993713558c84b0": {
            "text": "1. Sie m\u00fcssen ein Eltern-Template ausw\u00e4hlen (siehe oben: \"Zul\u00e4ssige(s) Template(s) f\u00fcr Elternseiten\"). Falls mehr als eins gew\u00e4hlt, wird nur das erste verwendet."
        },
        "b14d306525e8d6e9927d577a59064048": {
            "text": "2. Das gew\u00e4hlte Eltern-Template muss dieses Template als ein f\u00fcr Unterseiten erlaubtes definiert haben."
        },
        "b31e82dcc61dd6ba650389f38c6e154e": {
            "text": "3. Es kann nur eine Instanz einer Seite dieses Eltern-Template im System nutzen."
        },
        "487b2fe79edc18261ed2e37e657c0b58": {
            "text": "4. Das Admin-Theme muss dieses Feature unterst\u00fctzen."
        },
        "bd1ab8d7a2147046de89d54d6d03f39d": {
            "text": "System"
        },
        "7de04564993d28e2b32be513c1575777": {
            "text": "Zugriff"
        },
        "ce74097d91e1181f033e39e38736dd5a": {
            "text": "Cache"
        },
        "75b29cfc6e6beeb50a4e6b005ee2cab1": {
            "text": "Sie k\u00f6nnen auch einen [Symbol-Name](http:\/\/fontawesome.io\/cheatsheet\/) eintragen, zum Beispiel: icon-file oder fa-file (beide Formate funktionieren)."
        },
        "8a08c3b7f2922be4ad8e59744781b796": {
            "text": "Format des Seiten-Name"
        },
        "8a396099e3eecefcbbbbac1715a464de": {
            "text": "Legen Sie optional ein Format f\u00fcr die Seiten-Namen bei neu hinzugef\u00fcgten Seiten fest. Dies erm\u00f6glicht den Schritt \"Seite hinzuf\u00fcgen\" zu \u00fcberspringen. Voraussetzung ist, dass im Template der Elternseite(n) dieses Template (%s) als das einzige erlaubte f\u00fcr Unterseiten festgelegt ist (siehe Tab \"Familie\" im Template der Elternseite)."
        },
        "6058394e74833c97153b0edaec2fb369": {
            "text": "Sie k\u00f6nnen hier beliebigen Text eintragen. Wenn eine neue Seite erstellt wurde und der Name ist bereits vorhanden, wird eine fortlaufende Zahl hinten angef\u00fcgt."
        },
        "026e4114c3bd578141d593edfdcba4b6": {
            "text": "**Wenn Sie m\u00f6chten dass die Namen der Seiten die Eingabe aus dem Titel Feld \u00fcbernehmen:** unten \"title\" eintragen (ohne die Anf\u00fchrungszeichen)."
        },
        "cde43753349041653da0d29cc52a15fa": {
            "text": "**Wenn Sie m\u00f6chten dass die Namen der Seiten das Erstellungsdatum\/-zeit wiedergeben:** oben ein [Datumsformat](http:\/\/www.php.net\/manual\/en\/function.date.php) eingeben. Das Format des Datums muss mindestens ein nicht-alphanumerisches Zeichen (z.B. Schr\u00e4gstrich \"\/\" oder Doppelpunkt \":\") enthalten, um als Datumsformat erkannt zu werden. Beispiel: \"Y\/m\/d H:i:s\" ergibt einen Seiten Name wie: \"2014-10-30-12-39-01\". Wie Sie sehen werden vorhandene nicht-alphanumerische Zeichen in einem formatierten Datum in Bindestriche umgewandelt."
        },
        "92fe79a8aa59b037f5f6e2b43f89fea8": {
            "text": "Namensformat f\u00fcr Unterseiten"
        },
        "27dd547b53bb1b3c67c345f984747010": {
            "text": "Zum deaktivieren leer lassen. Geben Sie \"title\" (ohne Anf\u00fchrungszeichen) ein zur automatischen Generierung des Namens vom Titel der Seite. Weitere Optionen mit Datumsformaten sind ebenfalls m\u00f6glich. [Mehr](http:\/\/processwire.com\/api\/modules\/process-template\/)"
        },
        "5cf485ae4559df60232a5ff0f87783cb": {
            "text": "Legen Sie optional ein Format f\u00fcr die Seiten-Namen bei neu hinzugef\u00fcgten Unterseiten fest. Dies erm\u00f6glicht den Schritt \"Seite hinzuf\u00fcgen\" zu \u00fcberspringen. Voraussetzung ist, dass ein (1) einziges Template oben unter \"Erlaubte Template(s) f\u00fcr Unterseiten\" ausgew\u00e4hlt wird."
        },
        "0e2511c51c799246bc640afd3b4cc07b": {
            "text": "Sie k\u00f6nnen mehrere Template-Namen, mit einem Leerzeichen getrennt, angeben."
        },
        "9aa8f6fc386e155886938a352548a81c": {
            "text": "Ge\u00e4ndert"
        },
        "8f0944546d02e3fd7de73e9418494b3b": {
            "text": "Template Umschalter"
        },
        "249d044ac9d6d23ba96d1515cc4717e4": {
            "text": "Diesen Schalter generell nicht ausw\u00e4hlen, es sei denn Sie haben eine spezielle Verwendung daf\u00fcr."
        },
        "0095a9fa74d1713e43e370a7d7846224": {
            "text": "Exportieren"
        },
        "72d6d7a1885885bb55a565fd1070581a": {
            "text": "Importieren"
        },
        "ac97a1ad01bd7b48508de449e229a73d": {
            "text": "Importieren"
        },
        "52ca64db1f0ca50831b3af91db6cd643": {
            "text": "Datei voranstellen"
        },
        "58a0dd4014386dd156c47a6d69cdd5f8": {
            "text": "Datei welche dem Template w\u00e4hrend des Renderns vorangestellt werden soll. Muss relativ sein zu \/site\/templates\/."
        },
        "0f7b5e8d336c577672820ac8d848fb4f": {
            "text": "Datei anh\u00e4ngen"
        },
        "9c33f36534809a059d32ae185a28ad0e": {
            "text": "Datei welche dem Template w\u00e4hrend des Renderns angeh\u00e4ngt werden soll. Muss relativ sein zu \/site\/templates\/."
        },
        "ab6b38f8849f9837a2fbb24721ab5e99": {
            "text": "Deaktiviere automatisches voranstellen von Datei: %s"
        },
        "07bbc1cae53fb8d26759b5564e6a5824": {
            "text": "Diese Option deaktiviert die Einstellung $config->prependTemplateFile in \/site\/config.php nur f\u00fcr dieses Template."
        },
        "95dac43782405c335b194c4f4ff28436": {
            "text": "Deaktiviere automatisches anh\u00e4ngen von Datei: %s"
        },
        "438f365e84607c69184559ff2e9d974b": {
            "text": "Diese Option deaktiviert die Einstellung $config->appendTemplateFile in \/site\/config.php nur f\u00fcr dieses Template."
        },
        "f048d404737b6fafd4849b8cd850e983": {
            "text": "Achtung, Datei nicht vorhanden"
        },
        "323686db2bb70f95c6bedc86d5c3387d": {
            "text": "Dateien"
        },
        "6703f01fb2662a497ae2d29163ed68c2": {
            "text": "Name wird bereits verwendet"
        },
        "f578ef5a7330291e151dc6052fe85bfe": {
            "text": "Optional das Label f\u00fcr den Tab \"Inhalt\" (Standard) \u00fcberschreiben."
        },
        "5fda5af59d211bd673998a69f051c3f2": {
            "text": "Optional das Label f\u00fcr den Tab \"Kindseiten\" (Standard) \u00fcberschreiben."
        },
        "3050063a3917b13308a0470879b3259f": {
            "text": "Label f\u00fcr Inhalts-Tab"
        },
        "7b5a26bd066cf9716b38372f73408f10": {
            "text": "Label f\u00fcr Kind-Tab"
        },
        "817434295a673aed431435658b65d9a7": {
            "text": "Symbol"
        },
        "4f50a13dad7a9fb97496e4b62718d3a8": {
            "text": "W\u00e4hlen Sie ein Symbol das diesem Template und den Seiten, welche dieses Template nutzen, zugeordnet wird (im Admin-Bereich)."
        },
        "e2cbec4ffca6b29170e0a79d38d2b6dd": {
            "text": "Umbenennen des Templates \u00fcbersprungen - bitte nach der laufenden Aktion vervollst\u00e4ndigen"
        },
        "b0349bb2d18f943c6aa52c5c038850a0": {
            "text": "Bei Verwendung von [ProCache](%s) sind hier keine Einstellungen zum Cache notwendig."
        },
        "d3da97e2d9aee5c8fbe03156ad051c99": {
            "text": "Mehr"
        },
        "991dba5ecf8a850b42ffc2e6d0697c2b": {
            "text": "Falls ausgew\u00e4hlt, unterst\u00fctzen Seiten, die dieses Template nutzen, Pagination."
        },
        "4ee65b65a7329e4d76cce40b69075c2d": {
            "text": "Aus dem Template auf die aktuelle Seitenzahl zugreifen mittels $input->pageNum."
        },
        "4295c2949c604273ad18a82924a06684": {
            "text": "Falls ausgew\u00e4hlt, akzeptieren Seiten, die dieses Template nutzen, eigene URL-Segmente nach der Seiten-URL."
        },
        "3f967ce93af0de3a0457071f3d743f14": {
            "text": "Aus dem Template auf die aktuellen URL-Segmente zugreifen mittels $input->urlSegmentStr."
        },
        "85eb71c20f7740fc3bdbf7dfdee2636b": {
            "text": "Welche URL-Segmente sind zul\u00e4ssig?"
        },
        "db2a37c1bdec2b30f0c7c9d789b3bfcc": {
            "text": "Geben Sie ein zul\u00e4ssiges Segment, einen Segment-Pfad oder einen regul\u00e4ren Ausdruck pro Zeile ein. Durch leer lassen ist alles zul\u00e4ssig."
        },
        "2d234a37f1f09a868ff9e51cbec93c0a": {
            "text": "Schema\/Protokoll"
        },
        "ae89f7319ca951efb3ce055e92b8ade2": {
            "text": "Definieren Sie die Felder, welche von diesem Template benutzt werden. Sie k\u00f6nnen diese mittels Drag 'n' Drop umsortieren oder [ein neues Feld erstellen](..\/field\/add)."
        },
        "70445e42e2f9089020b0ba1c23063287": {
            "text": "Cache f\u00fcr die gespeicherte Seite und andere Seiten mit zutreffendem Selektor leeren..."
        },
        "f62b09e2a4c1eb3583afe9c213b981c8": {
            "text": "Selektor um die anderen Seiten zu finden, bei welchen der Cache geleert werden soll."
        },
        "dcbec326309994892030ce4aa6f72f75": {
            "text": "Dieses Template speichern und dann hierher zur\u00fcckkehren um den Selektor einzustellen."
        },
        "711aef464118d5be216c2879591fbb5a": {
            "text": "Selektor f\u00fcr den Ablauf des Cache"
        },
        "65cee0d2556f206faa5e315e2f165551": {
            "text": "Header welcher mit der Template-Datei ausgegeben wird. Falls keiner gew\u00e4hlt wird, sendet ProcessWire keinen Content-Type Header und in den meisten F\u00e4llen wird text\/html vorausgesetzt. Die Auswahl eines Content-Type wird empfohlen, wenn etwas anderes als HTML ausgegeben wird."
        },
        "6540057c786960e596930c3041771293": {
            "text": "Um mehr Content-Types hinzuzuf\u00fcgen, schauen Sie unter *contentTypes* in \/wire\/config.php nach (und tragen diese unter \/site\/config.php ein)."
        }
    }
}
