{
    "file": "wire\/modules\/Inputfield\/InputfieldImage\/InputfieldImage.module",
    "textdomain": "wire--modules--inputfield--inputfieldimage--inputfieldimage-module",
    "translations": {
        "7e4cc6c00140cefcecd178df1836fbba": {
            "text": "Das Bild wurde auf die maximal erlaubte Gr\u00f6\u00dfe skaliert"
        },
        "95dde9286ff11d93e5f5ce0c832b9f2c": {
            "text": "Vorschaubilder im Seiten-Editor anzeigen?"
        },
        "183cf71ab1252b747070605a2aa370c2": {
            "text": "Vorschaubilder ben\u00f6tigen weniger Platz und erleichtern es, mehrere Bilder zu sortieren. Falls nicht ausgew\u00e4hlt, wird das Bild in voller (urspr\u00fcnglicher) Gr\u00f6\u00dfe im Seiten-Editor angezeigt."
        },
        "7f0785e56befa113ce8fca2316a12a2e": {
            "text": "Maximale Bild-Dimensionen"
        },
        "ef375d406da59811c42dc0f5a245dca3": {
            "text": "Sie k\u00f6nnen optional die maximale Breite und\/oder H\u00f6he hochgeladenener Bilder angeben. Falls angegeben werden Bilder beim Hochladen verkleinert, wenn sie entweder die maximale H\u00f6he oder Breite \u00fcberschreiten. Die Verkleinerung wird nur beim Hochladen ausgef\u00fchrt und betrifft daher weder Bilder, die bereits im System vorhanden sind, noch Bilder, die \u00fcber die API hinzugef\u00fcgt werden."
        },
        "e69ccb31941d2fd7923c6b0c01957db3": {
            "text": "Maximale Breite f\u00fcr hochgeladene Bilder"
        },
        "c58e466902d0ff945d0677114e41682b": {
            "text": "Maximale H\u00f6he f\u00fcr hochgeladene Bilder"
        },
        "fff0d600f8a0b5e19e88bfb821dd1157": {
            "text": "Bilder"
        },
        "8a29508fcba587b8af0cfb36c544ee0d": {
            "text": "Ein oder mehrere hochzuladende Bilder (sortierbar)"
        },
        "597c4d1113db01e43b62cd8a7112cf88": {
            "text": "Standardansicht"
        },
        "530f488f7a9800411efc6926ab189708": {
            "text": "Zeilen"
        },
        "b3da2ccb426643b265971f8085617aa0": {
            "text": "Die Ansicht l\u00e4sst sich mit Klick auf das Raster\/Zeilen Symbol umschalten. Hiermit wird nur die Standardansicht festgelegt. Die Zeilen-Ansicht ist der empfohlene Standard."
        },
        "126b21ce46c39d12c24058791a236777": {
            "text": "Nicht zul\u00e4ssiges Bild"
        },
        "41cfe40655c4b51507eff9d22bd777f2": {
            "text": "Bild von %s entspricht nicht der Mindest-Gr\u00f6\u00dfe"
        },
        "6760d392e57247a882e160cdb8b3680c": {
            "text": "Minimale Bild-Dimensionen"
        },
        "a195023920e6ece61b6211755c9af27f": {
            "text": "Optional kann die Mindest-Breite und \/oder -H\u00f6he der hochzuladenden Bilder eingetragen werden. Falls festgelegt, werden Bilder mit nicht zutreffenden Werten abgewiesen."
        },
        "d704e5da0e9e4ca2aa3e04201575f44c": {
            "text": "Mindest Breite f\u00fcr hochgeladene Bilder"
        },
        "b477617de997199bdd26761085aea486": {
            "text": "Mindest H\u00f6he f\u00fcr hochgeladene Bilder"
        },
        "f2a6c498fb90ee345d997f888fce3b18": {
            "text": "L\u00f6schen"
        },
        "ad2ac1967f0165ebf04a84bc1819e0de": {
            "text": "Nach unten bewegen"
        },
        "727b701bcc5f26422461f10c07a58d48": {
            "text": "Nach oben bewegen"
        },
        "1a2b9bdaad8fc3ebd6b83463a0def69e": {
            "text": "Geben Sie den Wert in Pixeln an oder lassen Sie es leer, um kein Limit vorzugeben."
        },
        "5174d1309f275ba6f275db3af9eb3e18": {
            "text": "Raster"
        },
        "840ad8821e0c1db717493f17a054bd18": {
            "text": "Varianten von %s"
        },
        "5e244fccb2d4cda18bebf756dacce94c": {
            "text": "Bild von %s \u00fcberschreitet die maximal erlaubte Gr\u00f6\u00dfe"
        },
        "dffe78c5f55b8a4187b91c40a03cf904": {
            "text": "Bilder abweisen welche die maximalen Dimensionen \u00fcberschreiten?"
        },
        "e0af28e6bea01f8a983ebd94ec3b7468": {
            "text": "Falls markiert werden Bilder, welche die maximale Breite\/H\u00f6he \u00fcberschreiten, abgewiesen anstatt neu skaliert."
        },
        "6a1c2d713d3598f27c30a6c448197f0e": {
            "text": "Datei kann nicht angezeigt werden"
        }
    }
}