{
    "file": "wire\/core\/FieldSelectorInfo.php",
    "textdomain": "wire--core--fieldselectorinfo-php",
    "translations": {
        "0ccb67e7eaae09d9e4078d161eeca100": {
            "text": "Gleich"
        },
        "fb83c9b66919b4a757a43a807b6af2cf": {
            "text": "Ungleich"
        },
        "7288454fa442d48bc741c5cbadc2621b": {
            "text": "Gr\u00f6\u00dfer als"
        },
        "45ed1ce04bcf6003d4702422e1221c85": {
            "text": "Kleiner als"
        },
        "948f7ffb9d1e26622df83711e20e2fb2": {
            "text": "Gr\u00f6\u00dfer oder gleich"
        },
        "189ce8ec24447eef9869d18043c9e303": {
            "text": "Kleiner oder gleich"
        },
        "7842f2dabc6c53dca4319818c88ebeb9": {
            "text": "Enth\u00e4lt Text"
        },
        "8354008c16032b35e36589957a3bd65f": {
            "text": "Enth\u00e4lt Phrase"
        },
        "7df149c48f0508977c06be79341a40ed": {
            "text": "Enth\u00e4lt Worte"
        },
        "062e49c0f9af31da4f7314124191d9ef": {
            "text": "Beginnt mit"
        },
        "3ad33d3cec01f7125e3cd0575cada7ef": {
            "text": "Endet mit"
        },
        "78c143802119a85c9774c0459240085d": {
            "text": "Ist leer"
        },
        "cbe0970a192d6df9999f4469f0854984": {
            "text": "Ist nicht leer"
        }
    }
}