{
    "file": "wire\/modules\/Process\/ProcessCommentsManager\/ProcessCommentsManager.module",
    "textdomain": "wire--modules--process--processcommentsmanager--processcommentsmanager-module",
    "translations": {
        "787d5f05953ec39b108869dfdd7733e6": {
            "text": "best\u00e4tigt"
        },
        "7c6c2e5d48ab37a007cbf70d3ea25fa4": {
            "text": "wartet"
        },
        "e09f6a7593f8ae3994ea57e1117f67ec": {
            "text": "Spam"
        },
        "099af53f601532dbd31e0ea99ffdeb64": {
            "text": "l\u00f6schen"
        },
        "98a0736c51255f757cf109bccfa1d7e2": {
            "text": "Es sind keine Kommentar-Felder installiert"
        },
        "adf240c38c161d42244e9eb21f515ba2": {
            "text": "Bitte ein Kommentar-Feld w\u00e4hlen"
        },
        "9f97f1e4ae9c77faa2f4d30bb84dd69b": {
            "text": "Kein Kommentar-Feld in URL festgelegt"
        },
        "4f85d037300d5f7efcf7fdc3f973db7f": {
            "text": "Feld nicht erkannt"
        },
        "6a65e2235642194467bf83001d23639d": {
            "text": "Antworten auf"
        },
        "68c548ee5ab9808887460b7c74baac30": {
            "text": "Filter entfernen"
        },
        "301fdff99e595b9e55d94b9b51b24277": {
            "text": "Gel\u00f6schter Kommentar #%d"
        },
        "9ee770091bc28969ca49eb8b60826002": {
            "text": "Aktualisierter Kommentar #%d"
        },
        "de95b43bceeb4b998aed4aed5cef1ae7": {
            "text": "bearbeiten"
        },
        "193cfc9be3b995831c6af2fea6650e60": {
            "text": "Seite"
        },
        "44749712dbec183e983dcd78a7736c41": {
            "text": "Datum"
        },
        "6f9e04c43332fd4945f2c933c8eea611": {
            "text": "Zitat"
        },
        "4dfbb099eafd3c82e033bf92946d3ce6": {
            "text": "E-Mail"
        },
        "a1fa27779242b4902f7ae3bdd5c6d508": {
            "text": "Typ"
        },
        "7f319b8ccad7e92033b9492ddbc4b522": {
            "text": "Bewerten"
        },
        "f42d9d8fbfa2f6929ac7ee0d2e2871c5": {
            "text": "Antwort auf %s"
        },
        "b1c94ca2fbc3e78fc30069c8d0f01680": {
            "text": "Alle"
        },
        "aa55eeb3bfe951eb9d56e8a919d80781": {
            "text": "von %d"
        },
        "30f29dc6505d24512de6f3189a5bda62": {
            "text": "Keine zum anzeigen"
        },
        "43ffce869929998c02ec3de3dd218d03": {
            "text": "%d Antwort"
        },
        "af617b357692e5cded9ff1dd859080b3": {
            "text": "%d Antworten"
        },
        "6f8063417ab31f38d864c28302f3de2f": {
            "text": "Best\u00e4tigt"
        },
        "2d13df6f8b5e4c5af9f87e0dc39df69d": {
            "text": "Wartet"
        }
    }
}
