{
    "file": "wire\/modules\/Process\/ProcessPageLister\/ProcessPageListerBookmarks.php",
    "textdomain": "wire--modules--process--processpagelister--processpagelisterbookmarks-php",
    "translations": {
        "369edfa695c186fc693c7cdfea26b6d2": {
            "text": "Hinweis f\u00fcr Superuser: andere Benutzer k\u00f6nnen Lesezeichen sehen und anklicken, aber nicht hinzuf\u00fcgen oder bearbeiten."
        },
        "1dd63dcbc0f27a97c60433bff0936901": {
            "text": "Lesezeichen bearbeiten"
        },
        "149e49fd8162d8224947dfe253a802b5": {
            "text": "Neues Lesezeichen hinzuf\u00fcgen"
        },
        "a84bed79c3b725dbbd17b6c4b8337a17": {
            "text": "Erstellt ein neues Lesezeichen entsprechend Ihrer aktuellen Filter, Spalten und Sortierung."
        },
        "644a574fca8608c6447c23ba5c9fb907": {
            "text": "Welche Benutzerrollen werden dieses Lesezeichen sehen? Falls keine Benutzerrolle ausgew\u00e4hlt ist, k\u00f6nnen alle Rollen, mit Berechtigung f\u00fcr die Benutzung dieser Liste, das Lesezeichen sehen."
        },
        "b527a6bf9b3ed589e44e5a4dc8cc40d4": {
            "text": "Sortierreihenfolge der Lesezeichen"
        },
        "bfa974ff994bf6af816d695d88659fda": {
            "text": "Dieses Lesezeichen l\u00f6schen?"
        },
        "33d64e5e020fcfcd6bf5b5edc3634211": {
            "text": "Lesezeichen gel\u00f6scht: %s"
        },
        "d04ee192f5a72f20e89abe7acb7225f3": {
            "text": "Lesezeichen gespeichert: %s"
        },
        "84233339a29fc410e77ac95e377b0318": {
            "text": "Lesezeichen"
        },
        "bdb19863504282bccbd04237092c8ecb": {
            "text": "Lesezeichen"
        },
        "25f8473f61fb614f277d48e8bf5be8d2": {
            "text": "Selektor"
        },
        "cd765bc6c6872048db5bb4cb9181392f": {
            "text": "Spalten"
        },
        "0a88328254c6d3104aaf5aa1416e5493": {
            "text": "Zugriff"
        },
        "16f46652aa3bae21e3e051daba507193": {
            "text": "Aktion"
        },
        "97d0cf512abc18c75dc4200fb4102696": {
            "text": "alle"
        },
        "fbfa318e948c32434209e9dec12f5342": {
            "text": "Bearbeiten"
        },
        "624cb003e73151369680ecae1fe53f47": {
            "text": "Titel"
        },
        "8ca63fc5a95e5a226137f8dd03ad81f0": {
            "text": "Welche Seiten soll dieses Lesezeichen anzeigen?"
        },
        "e7b51c4fbf19dfd1df7c4e05d1be6ca0": {
            "text": "Spalten"
        },
        "a68194569adc7b00a73840fceb912c24": {
            "text": "Zugriff"
        },
        "5979876e287f07dc59597ec2139675c2": {
            "text": "L\u00f6schen"
        }
    }
}