{
    "file": "wire\/modules\/Jquery\/JqueryWireTabs\/JqueryWireTabs.module",
    "textdomain": "wire--modules--jquery--jquerywiretabs--jquerywiretabs-module",
    "translations": {
        "9fdc49adcef1b65060a39f7a096d09e2": {
            "text": "Stellt ein jQuery-Plugin bereit, um in ProcessWire Tabs zu erzeugen"
        },
        "d9f813a897729ef85bdc36fe6f9bc91a": {
            "text": "Tab-Position zwischen Anfragen speichern?"
        },
        "6e7b34fa59e1bd229b207892956dc41c": {
            "text": "Niemals"
        },
        "3f8dfcf012a1f2c00ebbe7cc3fe0f265": {
            "text": "Nur, nachdem ein Formular gesendet wurde"
        },
        "68eec46437c384d8dad18d5464ebc35c": {
            "text": "Immer"
        },
        "4778324acb050ad87cef45324610ff81": {
            "text": "="
        }
    }
}