{
    "file": "wire\/modules\/Process\/ProcessPageClone.module",
    "textdomain": "wire--modules--process--processpageclone-module",
    "translations": {
        "5fb63579fc981698f97d55bfecb213ea": {
            "text": "duplizieren"
        },
        "779e23d04b68b9515ffc345454994895": {
            "text": "Seite duplizieren"
        },
        "0ac579c02e8d96b65a4bff917771b245": {
            "text": "Seite kann nicht geladen werden"
        },
        "3311bb66a5349309e01c99050e744f0b": {
            "text": "Hiermit wird die Seite %s dupliziert"
        },
        "59eeb47edc78526e0e13dc0dfa8f6b07": {
            "text": "Titel der neuen Seite"
        },
        "415d40999f28fef452f65616dabfc7a0": {
            "text": "Die neue Seite nicht ver\u00f6ffentlichen?"
        },
        "6a26ee7a6d1234006bf3806ee697f7d0": {
            "text": "Seite %s zu duplizieren ist nicht m\u00f6glich."
        },
        "7e263f9f6a65e1126c6a599ea015a27c": {
            "text": "Das Duplikat von \"%1$s\" wurde als \"%2$s\" gespeichert."
        },
        "0a198ede7ab46185f2e9fb2a3628419b": {
            "text": "(Kopie)"
        },
        "884ba0e5457b084e152567fd52b66f6c": {
            "text": "(Kopie %d)"
        },
        "2627956e008c08b8affd8608d7980ff4": {
            "text": "Falls Sie diese Box ankreuzen sollten, wird die Seite unver\u00f6ffentlicht gespeichert, so dass sie auf der Website nicht sichtbar sein wird."
        },
        "5061c76f17ce15eb2a6092a51cb22aa3": {
            "text": "Auch Kindseiten duplizieren?"
        },
        "a6c4c88eb6c7d256bf2e4aa56df4430f": {
            "text": "Falls Sie diese Box ankreuzen sollten, werden auch Kindseiten, Kindeskindseiten etc. dupliziert."
        },
        "06170efdb0d3840cd32dea984d32067a": {
            "text": "Achtung: Falls diese Seite viele Kindseiten besitzt, k\u00f6nnte es l\u00e4nger dauern oder unm\u00f6glich sein, die Seite zu duplizieren."
        },
        "366637b8eb1e99b85f6d6535e326a491": {
            "text": "Seite klonen"
        },
        "fae7550bf964aa09e51752b154a6cb23": {
            "text": "Stellt die M\u00f6glichkeit bereit, Seiten im Admin-Bereich zu klonen\/kopieren\/duplizieren. F\u00fcgt allen passenden Seiten in der PageList eine Option \"kopieren\" hinzu."
        },
        "04ded6e943c2cb8fab9a9b7075462f7c": {
            "text": "Geklont zu: %s"
        },
        "d52cff2047c2d3bd15b08ec62c34eb7d": {
            "text": "Kann Seite nicht klonen"
        }
    }
}