{
    "file": "wire\/modules\/Process\/ProcessPageList\/ProcessPageList.module",
    "textdomain": "wire--modules--Process--ProcessPageList--ProcessPageList-module",
    "translations": {
        "7dce122004969d56ae2e0245cb754d35": {
            "text": "Bearbeiten"
        },
        "4351cfebe4b61d8aa5efa1d020710005": {
            "text": "Ansehen"
        },
        "03c2e7e41ffc181a4e84080b4710e81e": {
            "text": "Neu"
        },
        "6bc362dbf494c61ea117fe3c71ca48a5": {
            "text": "Verschieben"
        },
        "ce2c8aed9c2fa0cfbed56cbda4d8bf07": {
            "text": "Leeren"
        },
        "f4ec5f57bd4d31b803312d873be40da9": {
            "text": "\u00c4ndern"
        },
        "ea4788705e6873b424c65e91c2846b19": {
            "text": "Abbrechen"
        },
        "e0626222614bdee31951d84c64e5e9ff": {
            "text": "Ausw\u00e4hlen"
        },
        "46b816f573557a53c93ac78bbcfa9493": {
            "text": "Auswahl entfernen"
        },
        "d3da97e2d9aee5c8fbe03156ad051c99": {
            "text": "Mehr"
        },
        "d95deddfb80310ff0d1d63013611777c": {
            "text": "Anklicken und ziehen zum bewegen"
        },
        "f413b7eb4ef50a382b0fe0cfe04fdc30": {
            "text": "Legen Sie hie\u00adr\u00adun\u00adter Seiten ab, um sie in den Papierkorb zu verschieben"
        },
        "de306d89ec101aba6fb73c6879710e6c": {
            "text": "404 Seite nicht gefunden"
        },
        "a7e253cd8dd95da3e20daf45519a8dc2": {
            "text": "Papierkorb"
        },
        "157fa6b945671169a76bc677977f368d": {
            "text": "Angezeigter Name des Seitenfeldes"
        },
        "8593fb74b02478b2734e442f86507d7b": {
            "text": "Optional k\u00f6nnen Sie diese Einstellung innerhalb eines jeden Templates \u00fcberschreiben (unter \"Erweitert\")."
        },
        "43da4fffe875f34908241df94ccb535b": {
            "text": "Anzahl der Seiten welche ohne Pagination angezeigt werden"
        },
        "94d3f06b64640bda750ee1d7c7527fe4": {
            "text": "Geschwindigkeit der Animation (in ms)"
        },
        "453420e78223c3c2ff7a28bfc3a44dde": {
            "text": "Dies ist die Geschwindigkeit der Animation mit welcher jeder Zweig im Seitenbaum sich auf oder ab bewegt. Niedrige Werte sind schneller, aber weniger wahrnehmbar. Animation deaktivieren mit Eingabe 0."
        },
        "ae9945c00ae261445f0277fbae516179": {
            "text": "Jede Seite in einer PageList wird anhand eines Labels identifiziert, typischerweise ein Titel- oder \u00dcberschriftenfeld. Sie k\u00f6nnen festlegen welches Feld hier genutzt werden soll. Um mehrere Felder festzulegen, die Feldnamen mit einem Leerzeichen trennen. Wenn das Feld zu einem Objekt f\u00fchrt (z. B. einer anderen Seite), definieren Sie die Eigenschaft mit einem Punkt, z. B. anotherpage.title. Beachten Sie, dass ProcessWire automatisch das Feld \"Name\" verwendet, falls das festgelegte Feld leer ist."
        },
        "5ca370c3b4f85b5c8308b75ea46984cb": {
            "text": "Netzwerkfehler, bitte sp\u00e4ter noch einmal versuchen"
        },
        "024dae797f407f0f2bd724f6301999a1": {
            "text": "Unbekannter Fehler, bitte sp\u00e4ter noch einmal versuchen"
        }
    }
}
