{
    "file": "wire\/modules\/Process\/ProcessTemplate\/ProcessTemplateExportImport.php",
    "textdomain": "wire--modules--process--processtemplate--processtemplateexportimport-php",
    "translations": {
        "60f5cde0d3f7fde81ba481a6a2ea2c49": {
            "text": "FELDER"
        },
        "40e3819215b52841e19a7cac06b5f065": {
            "text": "GE\u00c4NDERT"
        },
        "2f1fb3d9f25082e7fdb0befdad16da5f": {
            "text": "Daten exportieren"
        },
        "6af8cf07d769a110f0b2483692ef424c": {
            "text": "Diese Daten per Copy + Paste in das \"Import\" Feld einer anderen Installation einf\u00fcgen."
        },
        "dce8c8fe6bdf804f2a98384dedea1360": {
            "text": "Hier die Daten von einem Exportvorgang einf\u00fcgen."
        },
        "31fde7b05ac8952dacf4af8a704074ec": {
            "text": "Vorschau"
        },
        "22af645d1859cb5ca6da0c484f1f37ea": {
            "text": "neu"
        },
        "c112bb3542e98308d12d5ecb10a67abc": {
            "text": "\u00c4nderungen"
        },
        "5ad234cb2cde4266195252a23ca7d84e": {
            "text": "Eigenschaft"
        },
        "56f05ff480907494bd933f4ad4faf9e2": {
            "text": "Alter Wert"
        },
        "943f335b83ec6549ef45388ececff4e1": {
            "text": "Neuer Wert"
        },
        "34eb90456e45e06048e287f649c4fba0": {
            "text": "Keine offenen \u00c4nderungen."
        },
        "10683c4dcfaf72824f906297f56bf7a5": {
            "text": "Dieses Template \u00e4ndern?"
        },
        "8ed3116cc653ca014c306d4750f6fdb4": {
            "text": "Dieses Template erstellen?"
        },
        "b604e6f64e19eea098f6d87c63552c53": {
            "text": "\u00c4nderungen \u00fcbernehmen"
        },
        "16babeb0401a3e00da9891b97e94d6fe": {
            "text": "Ihre \u00c4nderungen wurden durchgef\u00fchrt!"
        },
        "15055fb4c054396bf293c21c12c578be": {
            "text": "Keine \u00c4nderungen vorhanden"
        },
        "426de2596501a3cff8977e60c271889c": {
            "text": "Gespeichert:"
        },
        "9e8f440807ceee9139987ab8fc6af288": {
            "text": "Hinzugef\u00fcgt:"
        },
        "c5537dee88da6f333d20bfd49cfe1ce4": {
            "text": "Ge\u00e4ndert:"
        },
        "19b7fb53a85de3c8ba85672a91a7398b": {
            "text": "Exportieren"
        },
        "12c658575040446e9b2ffdfaaf7bc115": {
            "text": "Importieren"
        },
        "a7820bfdb5b31eb4ee4165f2c8bef779": {
            "text": "Ja"
        },
        "1354eb301e2c7c55f79a7f13adb363e3": {
            "text": "Nein"
        },
        "1de056630a16e4be557e090c25f5791e": {
            "text": "%d Hinweis"
        },
        "f96edcbe75239be800209c48ae9beb65": {
            "text": "%d Hinweise"
        },
        "8ba486983cfbf272f154102c788863e6": {
            "text": "%d Eigenschaft zum anlegen gefunden."
        },
        "dbda450b59595e4fd37fd581d205334f": {
            "text": "%d Eigenschaften zum anlegen gefunden."
        },
        "55c3a7525ed259e874a6d8f5e7e1b951": {
            "text": "Hinweise in %d Template"
        },
        "c444fb69a513bb955e7fc6d2743259c0": {
            "text": "Hiinweise in %d Templates"
        },
        "941d6506a00bb692b6fef9cd4ae4b5e1": {
            "text": "%d neues Template zum hinzuf\u00fcgen gefunden"
        },
        "5788268970dc1d50bc88a88494487e11": {
            "text": "%d neue Templates zum hinzuf\u00fcgen gefunden"
        },
        "6c0ca3ff5408385efd5418b46d06cd85": {
            "text": "%d vorhandenes Template zur Aktualisierung gefunden"
        },
        "b51b8d4de5d4fd2422af0fb2ad529875": {
            "text": "%d vorhandene Templates zur Aktualisierung gefunden"
        },
        "9b64d9a70291ddd3f6c42edec1bb9866": {
            "text": "%d Element hinzugef\u00fcgt"
        },
        "0f1a6168f03f3ac45f46090fef3bf688": {
            "text": "%d Elemente hinzugef\u00fcgt"
        },
        "1992f81aea256b7d907c455b395d5ea4": {
            "text": "%d Element ge\u00e4ndert"
        },
        "91cfce0d08404cef27087ea2d7c9043a": {
            "text": "%d Elemente ge\u00e4ndert"
        },
        "c95e1b7b8cdab666cefec077890996f5": {
            "text": "%d Element verworfen"
        },
        "fc9475948584941277524f1216bb18ff": {
            "text": "%d Elemente verworfen"
        },
        "e5d07991c975607a12edce23c0da9824": {
            "text": "Mit Umschalt+Klick w\u00e4hlt man mehrere Sequenzen in Folge. Mit Strg+Klick (oder Cmd+Klick) w\u00e4hlt man mehrere individuell aus. Mit Strg+A alle ausw\u00e4hlen."
        },
        "adb6c5041788e54ab20e2a3ef58fbe6e": {
            "text": "W\u00e4hlen Sie die zu exportierenden Templates aus"
        },
        "9d823cda278191490c2a99bbb912cc9d": {
            "text": "Beliebig in die Box klicken um alle exportierten Daten auszuw\u00e4hlen. Danach die Daten mit Strg-C (oder Cmd-C) kopieren."
        },
        "139ef19d3b2f902827257b2ebc33d708": {
            "text": "Die exportierten Daten einer anderen Installation kopieren und dann in die obere Box mit Strg-V (oder Cmd-V) einf\u00fcgen."
        },
        "83e14aace19687fe9e1fbb8f913bf569": {
            "text": "Zum \u00c4nderungen anzeigen auf Ja klicken"
        },
        "47a35a358887cc2c9994fb517d6a2b0b": {
            "text": "Manchmal k\u00f6nnen zwei Durchg\u00e4nge notwendig sein bevor alle \u00c4nderungen umgesetzt wurden. Bitte beachten Sie unten die noch offenen \u00c4nderungen und f\u00fchren diese nach Bedarf durch."
        },
        "b2ba5835eaaa55607da59f696dcd4a87": {
            "text": "Bitte \u00fcberpr\u00fcfen und best\u00e4tigen Sie danach die \u00c4nderungen unten. Falls einige \u00c4nderungen nicht gew\u00fcnscht werden, die entsprechende Checkbox nicht markieren."
        },
        "ad32e604e17467fc435538334fbddf3e": {
            "text": "="
        },
        "6f434c508ad901b8667ed22f713e52bb": {
            "text": "="
        },
        "722034114c47bfa859a1be8200469fcf": {
            "text": "="
        }
    }
}