{
    "file": "wire\/modules\/Fieldtype\/FieldtypeInteger.module",
    "textdomain": "wire--modules--fieldtype--fieldtypeinteger-module",
    "translations": {
        "91c09f074736481876ccf2f97e04ed07": {
            "text": "Sind leer und 0 gleichwertig?"
        },
        "e128ed87f9f0d6401b081dd75b2dad03": {
            "text": "Dies beeinflusst, wie ProcessWire w\u00e4hrend einer Suche Seiten in der Datenbank findet."
        },
        "07be370e5cef3ea5961cdf07cb34f390": {
            "text": "Wenn 0 und leer gleichwertig sind (Ja-Option), ergibt eine Suche nach **field=0** oder **field=\"\"** das selbe Resultat."
        },
        "47ae95efefc63fa28854884d8c871228": {
            "text": "Als Beispiel: mit der Ja-Option wird **field<1** auf den Wert 0 wie auch ohne Wert zutreffen. Mit der Nein-Option trifft hier nur 0 zu."
        },
        "50c5d87b02ad1694c7b4603240402ef9": {
            "text": "Ja - Leer und 0 sind gleichwertig"
        },
        "dce91550511a9cfef6fe1bc4d2e93b1b": {
            "text": "Nein - Leer und 0 haben unterschiedliche Bedeutung"
        },
        "31ce3cdcd67850870b616f75b555bbc5": {
            "text": "Standardwert"
        },
        "40adc22d3ad8d2d7a5e2b17a44ac2658": {
            "text": "Dieser Wert wird diesem Feld als Standard auf neu erstellten Seiten zugewiesen. Existierende Seiten werden davon nicht beeinflusst."
        },
        "b4e4ee05aeb0d5812f77886c29c4bb53": {
            "text": "Wenn sie nicht gleichwertig sind (Nein-Option), wird eine Suche nach **field=0** nur auf Felder mit dem Wert 0 und **field=\"\"** nur auf Felder ohne Wert zutreffen."
        }
    }
}