{
    "file": "wire\/modules\/Textformatter\/TextformatterEntities.module",
    "textdomain": "wire--modules--textformatter--textformatterentities-module",
    "translations": {
        "895d280780a54e8c5561dea1f6a4b34d": {
            "text": "="
        },
        "9bb1720cc990c910fd69b4b3690cfbce": {
            "text": "Enkodiert kaufm\u00e4nnisches Und, Anf\u00fchrungszeichen (einfach und doppelt) und die Zeichen gr\u00f6\u00dfer\/kleiner als mittels htmlspecialchars(str, ENT_QUOTES) in Entit\u00e4ten. Es wird empfohlen, dies auf alle Text\/Textarea-Felder mit Ausnahme derer, die einen Rich-Text-Editor oder eine Markup-Sprache wie Markdown verwenden, anzuwenden."
        }
    }
}