{
    "file": "wire\/modules\/LanguageSupport\/LanguageTabs.module",
    "textdomain": "wire--modules--languagesupport--languagetabs-module",
    "translations": {
        "4ee6b922de4a3b1d79036b200520ee37": {
            "text": "Sprachen in Tabs erweitern"
        },
        "c667865dc18e9366c835d279c3192aea": {
            "text": "Zusammenklappen\/\u00c4ndern auf Tabs"
        },
        "72f18bd929af0ac260805811117b85e9": {
            "text": "Feld zur Nutzung f\u00fcr Tab-Labels"
        },
        "f69430a321cf6f1a6f0ab31192d94fd2": {
            "text": "Doppelt klicken zur \u00c4nderung aller Tabs"
        }
    }
}