{
    "file": "wire\/modules\/Fieldtype\/FieldtypeComments\/InputfieldCommentsAdmin.module",
    "textdomain": "wire--modules--fieldtype--fieldtypecomments--inputfieldcommentsadmin-module",
    "translations": {
        "ece9015e4facb7c419ce80abecfd6852": {
            "text": "Momentan keine Eintr\u00e4ge zum Anzeigen."
        },
        "f2a6c498fb90ee345d997f888fce3b18": {
            "text": "L\u00f6schen"
        },
        "95742f3daaebcf075ad53961b11fc0dd": {
            "text": "Kommentar #%1$d  ver\u00f6ffentlicht %2$s von %3$s"
        },
        "4da50726e74180c03ab1cfe637bb590b": {
            "text": "Administrator Kommentare"
        },
        "9e1775dd11710f1858dc1f9c21174ec8": {
            "text": "Bietet ein administratives Interface zur Arbeit mit Kommentaren."
        },
        "5150f466372999feb1c31b868e087dfc": {
            "text": "Spam wird automatisch gel\u00f6scht nach dem in den Feldeinstellungen festgelegten Zeitraum."
        },
        "6f9e04c43332fd4945f2c933c8eea611": {
            "text": "Zitat"
        },
        "15bbb9d0bbf25e8d2978de1168c749dc": {
            "text": "Webseite"
        },
        "193a4762fa2301d6e5d9fac2730dbe71": {
            "text": "Dieses Eintrag wartet auf Best\u00e4tigung oder L\u00f6schung."
        },
        "a12b241da69948907eecb3786cedc5a3": {
            "text": "Best\u00e4tigt"
        },
        "af4a8ef24b938b7857109b49e38c8969": {
            "text": "Wartet"
        },
        "dea78eecface40ce1489d1acdc31eae4": {
            "text": "Entfernter Kommentar #%d"
        },
        "58b6f822b062991647cf2e70b0140352": {
            "text": "Aktualisiert %s f\u00fcr Kommentar #%d"
        },
        "97154f7c3d4195084cbcb58bc5357c7a": {
            "text": "Kommentar #%d (%s)"
        },
        "84c4dfc8fccf9350a9610e366ae769a5": {
            "text": "Antwort an"
        },
        "077821dbbc7b778e3fccdb71e1f8cda3": {
            "text": "Alle neuen Kommentare"
        },
        "a2c889314eecccf6704dd2427f12b478": {
            "text": "Nur Antworten"
        },
        "88559a0cfd8250c9d65970cc145c92d4": {
            "text": "AUS"
        },
        "8922ee2d287d6d1cad3fd33f6341f512": {
            "text": "E-Mail Benachrichtigungen:"
        },
        "d37c550d781bfb93b0088a2470598bcf": {
            "text": "Sterne"
        },
        "ec53a8c4f07baed5d8825072c89799be": {
            "text": "="
        },
        "082e55a73f10496681c84231dc1c88f7": {
            "text": "="
        },
        "9dffbf69ffba8bc38bc4e01abf4b1675": {
            "text": "="
        },
        "39ef1e97d0b7fa0510cd93cd5f2cf99b": {
            "text": "="
        }
    }
}