{
    "file": "wire\/modules\/Fieldtype\/FieldtypeModule.module",
    "textdomain": "wire--modules--fieldtype--fieldtypemodule-module",
    "translations": {
        "40e27ece1fd60ce7081fd3084e866820": {
            "text": "Modultypen"
        },
        "e4b9c7449faedd6b2667e3db22d04cc1": {
            "text": "Alle Modultypen pr\u00fcfen, welche in diesem Feld ausw\u00e4hlbar sind."
        },
        "4aa842af483898d272ce5ea136a446d3": {
            "text": "Dieses Feld zu einer Instanz des gew\u00e4hlten Moduls machen?"
        },
        "bbddef2b960b6e14a0c9510c2312192e": {
            "text": "Optionen-Label"
        },
        "0900a3f6adfa931e0130c02c436e7e7f": {
            "text": "Modulklassen-Name"
        },
        "335fdfd0673e7e457d51384f686b00dc": {
            "text": "Modultitel"
        },
        "a749642e2afeea63aac9d550e51abf64": {
            "text": "Eingabetyp"
        },
        "e0626222614bdee31951d84c64e5e9ff": {
            "text": "Ausw\u00e4hlen"
        },
        "1d4b3399eb44d29f0188147089a9fb8a": {
            "text": "Falls gew\u00e4hlt, wird der Wert des Feldes eine aktuelle Instanz des ausgew\u00e4hlten Moduls sein. Falls nicht gew\u00e4hlt, wird der Wert des Feldes ein String mit dem Klassenname des Moduls sein."
        },
        "d5a4c326398e96cdf97b6d4a3cc300c1": {
            "text": "="
        }
    }
}