{
    "file": "wire\/modules\/Fieldtype\/FieldtypeRepeater\/InputfieldRepeater.module",
    "textdomain": "wire--modules--fieldtype--fieldtyperepeater--inputfieldrepeater-module",
    "translations": {
        "f2a6c498fb90ee345d997f888fce3b18": {
            "text": "L\u00f6schen"
        },
        "6b46ae48421828d9973deec5fa9aa0c3": {
            "text": "Sortieren"
        },
        "03c2e7e41ffc181a4e84080b4710e81e": {
            "text": "Neu"
        },
        "7264d8c26ac9671a31cd3eb3ddd4a447": {
            "text": "Diese Element kann bearbeitet werden, nachdem Sie gespeichert haben."
        },
        "25c63396ad92c7bbb48fa4aa21adc5e4": {
            "text": "Wiederholt Felder aus einen anderen Template. Stellt das Eingabefeld f\u00fcr FieldtypeRepeater bereit."
        },
        "d3b3350cb648f345b0a21a048df0cf45": {
            "text": "="
        },
        "de9ced9bf5e9829de4a93ad8c9d7a170": {
            "text": "Neu hinzuf\u00fcgen"
        },
        "675056ad1441b6375b2c5abd48c27ef1": {
            "text": "Tiefe"
        },
        "4ee8d3067ffde7991e2c009f775ceb75": {
            "text": "Warnung: nur die ersten %d Elemente werden genutzt."
        },
        "44a3084a1ce251fb76ba7fe540a18863": {
            "text": "Diese Aktion ist deaktiviert durch Mindest- und\/oder Maximal-Einstellungen des Elements."
        },
        "84b9f1e68847c185ca36db3bc2f8de18": {
            "text": "Klicken um dieses Element zu l\u00f6schen oder doppel-klicken um alle zu l\u00f6schen"
        },
        "9a04ad51e71ca7e14841c880abe89a44": {
            "text": "Alle Elemente l\u00f6schen?"
        },
        "485c9b5a61ede20a8ccc332f120da1f9": {
            "text": "Klicken um Element ein\/aus zu schalten oder doppel-klicken um alle Elemente zu \u00f6ffnen\/zuklappen"
        },
        "60f5703a75c6e7fa21be4247f0626dfb": {
            "text": "Dieses Element klonen?"
        },
        "b5fab487adaf66b676d31b8fd16af85b": {
            "text": "Alle Elemente \u00f6ffnen?"
        },
        "d7280b1cbbae6481f050a9184b8fa445": {
            "text": "Alle Elemente zuklappen?"
        }
    }
}