{
    "file": "wire\/modules\/Inputfield\/InputfieldPassword\/InputfieldPassword.module",
    "textdomain": "wire--modules--inputfield--inputfieldpassword--inputfieldpassword-module",
    "translations": {
        "4ff8f01cf1d14a50f9fd06b32fb6b073": {
            "text": "Nicht zutreffend"
        },
        "4bbb8f967da6d1a610596d7257179c2b": {
            "text": "Ung\u00fcltig"
        },
        "c012e2a8b9e129403f8b93547086500a": {
            "text": "Zu kurz"
        },
        "8654375cc9be52c332c401352dbb9ad4": {
            "text": "Zu Allgemein"
        },
        "7324e3727807d95037eb19d304fd91ec": {
            "text": "Schwach"
        },
        "a60852f204ed8028c1c58808b746d115": {
            "text": "="
        },
        "0c6ad70beb3a7e76c3fc7adab7c46acc": {
            "text": "Gut"
        },
        "fcc2d28a33d2df558f18766e067569c6": {
            "text": "Sehr gut"
        },
        "70d9be9b139893aa6c69b5e77e614311": {
            "text": "Best\u00e4tigen"
        },
        "dc647eb65e6711e155375218212b3964": {
            "text": "Passwort"
        },
        "f5b75010ea8a54b96f8fe7dafac65c18": {
            "text": "Buchstabe"
        },
        "bc2ff9ed57230bca54736f58c0e4f997": {
            "text": "Buchstabe kleingeschrieben"
        },
        "47cbf6a33c1c75ad209ebb39434e8c16": {
            "text": "Buchstabe gro\u00dfgeschrieben"
        },
        "29a1470067b045281deaf936a75d8c06": {
            "text": "Zahl"
        },
        "a0daba589a751c3490e8deaff57e90a5": {
            "text": "Zeichen\/Zeichensetzung"
        },
        "af214972865d03cc4eb63ed9f0b75554": {
            "text": "Passwort festlegen"
        },
        "69c6b6ea639e3235de2ac849162c941c": {
            "text": "mindestens %d Zeichen lang"
        },
        "4aa7f5956c86c3e23915ec696eb8c6c6": {
            "text": "Mindestanforderung: %s."
        },
        "a61bbf7ad0ed153cb6c84fe3c8a9f2bb": {
            "text": "Treffer"
        },
        "4bf6db34b23fdef1751e089f21dfb791": {
            "text": "Noch nicht g\u00fcltig"
        },
        "867cee98fdd724e7d5bc87f61ce657bc": {
            "text": "Passw\u00f6rter nicht zutreffend"
        },
        "7476d9ca9a945f86c26dfd4d5efa8320": {
            "text": "Ben\u00f6tigtes Passwort wurde nicht festgelegt"
        },
        "e00f3b748d9ce505eb2a9c80bedab900": {
            "text": "Passwort enth\u00e4lt ung\u00fctige Leerzeichen"
        },
        "5c33e11582c8eb21d8f19cc51084d478": {
            "text": "Passwort ist k\u00fcrzer als die ben\u00f6tigte Anzahl von Zeichen"
        },
        "5cdce68c6dc93aaa78490162327fadd7": {
            "text": "Passwort enth\u00e4lt nicht mindestens einen Buchstaben (a-z A-Z)"
        },
        "ed3074381758b633a3864645fa28242a": {
            "text": "Passwort muss mindestens einen kleingeschriebenen Buchstaben (a-z) enthalten"
        },
        "5849909db3843119a232eb7abe586f16": {
            "text": "Passwort muss mindestens einen gro\u00dfgeschriebenen Buchstaben (A-Z) enthalten"
        },
        "27d864b5eceddbf8b31385a9c2077caa": {
            "text": "Passwort enth\u00e4lt nicht mindestens eine Zahl (0-9)"
        },
        "463eaed349f2a4ef4b27982f49ac0393": {
            "text": "Passwort muss mindestens ein Zeichen, welches kein Buchstabe oder keine Zahl ist, enthalten (wie Interpunktion)"
        },
        "48f21f57810be80df2c8c3365287e040": {
            "text": "Passwort Anforderungen"
        },
        "09978a3eacbaf14a9a3034783eaa625f": {
            "text": "Wort-Verbotsmodus"
        },
        "bcb96ab1c9d563678a9f5e56be33bb83": {
            "text": "Falls Sie den strikten Modus w\u00e4hlen werden viele Passw\u00f6rter mit Worten nicht akzeptiert."
        },
        "5b8935e63ff12d77958b22d2348a8402": {
            "text": "Komplexit\u00e4ts-Faktor"
        },
        "de512604c79d42083a531a20da3c4f88": {
            "text": "Niedrigere Nummern erlauben schw\u00e4chere Passw\u00f6rter, h\u00f6here Nummern erfordern st\u00e4rkere Passw\u00f6rter."
        },
        "bba87093db4f328c614f0586ba426abd": {
            "text": "Wir empfehlen etwas zwischen 0.5 und 1.0"
        },
        "4c6df844ef940ff03e2c5385cb7628e9": {
            "text": "Mindestl\u00e4nge des Passwort"
        },
        "72ca0fe877cb728b06ac1a676f706561": {
            "text": "Anzeige und\/oder rendern von bestehenden Passw\u00f6rtern im Formular erlauben?"
        },
        "c627446d1f4b534dd3019f3a70be3c59": {
            "text": "Passworteingabe mit Best\u00e4tigungsfeld, das die Eingabe nicht zur\u00fcckgibt."
        },
        "b0a776318b70ff2500e1a78da0d26446": {
            "text": "Nur allgemeine Passw\u00f6rter verbieten (empfohlen)"
        },
        "c4ea048bc62d1864591344039210215e": {
            "text": "Alle Passw\u00f6rter mit allgemeinen W\u00f6rtern verbieten (strikt)"
        },
        "3544848f820b9d94a3f3871a382cf138": {
            "text": "Neues Passwort"
        },
        "e3f1d4a999777988a7c6662b45e550b1": {
            "text": "Entspricht dem alten Passwort"
        },
        "0a836585fecaf2021c1cf7a25eb932c6": {
            "text": "Altes Passwort ist erforderlich, um ein neues Passwort einzugeben."
        },
        "0ce70633a41dc5c5f1143146bfffaa92": {
            "text": "Das alte Passwort, das Sie eingegeben haben, ist nicht korrekt."
        },
        "a3375ef31a08be286ac6e89e029c82b2": {
            "text": "Ben\u00f6tigen Sie altes Passwort, bevor Sie \u00c4nderungen zulassen?"
        },
        "7edb0ec4f2d7c1fff947ae2f80ba5dfc": {
            "text": "Gilt f\u00fcr Verwendungen, bei denen dieses Feld bereits angemeldeten Benutzern angezeigt wird."
        },
        "06b9281e396db002010bde1de57262eb": {
            "text": "="
        },
        "93cba07454f06a4a960172bbd6e2a435": {
            "text": "+"
        },
        "bafd7322c6e97d25b6299b5d6fe8920b": {
            "text": "+"
        },
        "d9c2d86a66aa5a45326c3757f3a272cc": {
            "text": "Aktuelles Passwort"
        }
    }
}