{
    "file": "wire\/modules\/Inputfield\/InputfieldAsmSelect\/InputfieldAsmSelect.module",
    "textdomain": "wire--modules--inputfield--inputfieldasmselect--inputfieldasmselect-module",
    "translations": {
        "74c0ecf830d7e594ea8491c932418590": {
            "text": "Mehrfach-Auswahl; Progressive Enhancement, um mehrere Elemente auszuw\u00e4hlen"
        },
        "74e906bc8df82271d879cf0df37fc13c": {
            "text": "Ausgew\u00e4hlte Seiten mit Seiten-Editor verlinken?"
        },
        "341aefc07b2236054d74eb4c5b312c8a": {
            "text": "Wenn aktiviert, werden die ausgew\u00e4hlten Label als Link zum Bearbeiten der gew\u00e4hlten Seite verwendet."
        },
        "bafd7322c6e97d25b6299b5d6fe8920b": {
            "text": "Nein"
        },
        "16de616a3ba1c1801d425dacdd28aff6": {
            "text": "Ja (in Modal-Fenster)"
        },
        "0c4cf3dd938578951cefc0c5503f4939": {
            "text": "="
        }
    }
}