{
    "file": "wire\/modules\/Process\/ProcessCommentsManager\/ProcessCommentsManager.module",
    "textdomain": "wire--modules--process--processcommentsmanager--processcommentsmanager-module",
    "translations": {
        "98a0736c51255f757cf109bccfa1d7e2": {
            "text": "Es sind keine Kommentar-Felder installiert"
        },
        "adf240c38c161d42244e9eb21f515ba2": {
            "text": "Bitte ein Kommentar-Feld w\u00e4hlen"
        },
        "9f97f1e4ae9c77faa2f4d30bb84dd69b": {
            "text": "Kein Kommentar-Feld in URL festgelegt"
        },
        "4f85d037300d5f7efcf7fdc3f973db7f": {
            "text": "Feld nicht erkannt"
        },
        "6a65e2235642194467bf83001d23639d": {
            "text": "Antworten auf"
        },
        "68c548ee5ab9808887460b7c74baac30": {
            "text": "Filter entfernen"
        },
        "301fdff99e595b9e55d94b9b51b24277": {
            "text": "Gel\u00f6schter Kommentar #%d"
        },
        "9ee770091bc28969ca49eb8b60826002": {
            "text": "Aktualisierter Kommentar #%d"
        },
        "de95b43bceeb4b998aed4aed5cef1ae7": {
            "text": "bearbeiten"
        },
        "44749712dbec183e983dcd78a7736c41": {
            "text": "Datum"
        },
        "6f9e04c43332fd4945f2c933c8eea611": {
            "text": "Zitat"
        },
        "4dfbb099eafd3c82e033bf92946d3ce6": {
            "text": "E-Mail"
        },
        "f42d9d8fbfa2f6929ac7ee0d2e2871c5": {
            "text": "Antwort auf %s"
        },
        "b1c94ca2fbc3e78fc30069c8d0f01680": {
            "text": "Alle"
        },
        "aa55eeb3bfe951eb9d56e8a919d80781": {
            "text": "von %d"
        },
        "30f29dc6505d24512de6f3189a5bda62": {
            "text": "Keine zum anzeigen"
        },
        "43ffce869929998c02ec3de3dd218d03": {
            "text": "%d Antwort"
        },
        "af617b357692e5cded9ff1dd859080b3": {
            "text": "%d Antworten"
        },
        "6f8063417ab31f38d864c28302f3de2f": {
            "text": "Best\u00e4tigt"
        },
        "2d13df6f8b5e4c5af9f87e0dc39df69d": {
            "text": "Wartet"
        },
        "d37c550d781bfb93b0088a2470598bcf": {
            "text": "Sterne"
        },
        "b718adec73e04ce3ec720dd11a06a308": {
            "text": "="
        },
        "c6e190b284633c48e39e55049da3cce8": {
            "text": "="
        },
        "e9dfd31cc505d51fc26975250750deab": {
            "text": "="
        },
        "f2a6c498fb90ee345d997f888fce3b18": {
            "text": "L\u00f6schen"
        },
        "ec53a8c4f07baed5d8825072c89799be": {
            "text": "="
        },
        "8c3560971347019d5f97199e943831f0": {
            "text": "Bewertungen"
        },
        "d442d63d91aee0c27fffe480c591f6d8": {
            "text": "Status setzen:"
        },
        "4f5d5f295ddc8fd8673e74dd5fbe114a": {
            "text": "pro Seite"
        },
        "1ef29a5a234edee09d7e54a321740181": {
            "text": "Alle ausw\u00e4hlen\/abw\u00e4hlen"
        },
        "67148361142da466e462aed78d201888": {
            "text": "Es gibt keine ausgew\u00e4hlten Elemente"
        },
        "a46e2270222c49988714ec7916109fc4": {
            "text": "Aktionen (gew\u00e4hlte Elemente)"
        },
        "e8eaf777c8e1f5b4e219d2e79cfd755f": {
            "text": "Zur\u00fccksetzen: Aufwertungen"
        },
        "cf2dd3571dc6f61216f9f14785d7e227": {
            "text": "Zur\u00fccksetzen: Abwertungen"
        },
        "dec8ba3ab6e0a24199eb5b6c43a9c846": {
            "text": "Datum (neu-alt)"
        },
        "33abd1fd65941eb346da43ae77afbbb0": {
            "text": "Datum (alt-neu)"
        },
        "ff138d55cfc1cb9ad05eff795e830b6c": {
            "text": "Sterne (hoch-niedrig)"
        },
        "5a4745441b4ca1eaecd9d27664d7a667": {
            "text": "Sterne (niedrig-hoch)"
        },
        "63e90287fd383e2e42e4778c0e9d7a71": {
            "text": "Aufwertungen"
        },
        "b45352aeca3646b5fb15baa385d44224": {
            "text": "Abwertungen"
        },
        "a4c295f303bd3ad4c69344a18dc68420": {
            "text": "Sortieren:"
        },
        "eee1a3d85e91b9944c98c7558f706b27": {
            "text": "Sie haben nicht gespeicherte \u00c4nderungen!"
        },
        "2eaf1946befd8d1cec85046ac88324e3": {
            "text": "d.m.Y G:i"
        },
        "8413c683b4b27cc3f4dbd4c90329d8ba": {
            "text": "Kommentare"
        },
        "37128d5a4c6200152c60cd46c829d635": {
            "text": "Verwalten Sie Kommentare auf Ihrer Website au\u00dferhalb des Seiteneditors."
        }
    }
}