{
   "file":"wire\/modules\/Fieldtype\/FieldtypeComments\/CommentFilterAkismet.module",
   "textdomain":"wire--modules--fieldtype--fieldtypecomments--commentfilterakismet-module",
   "translations":{
      "00fee5e9143358a3b00c985f3ed3c43e":{
         "text":"Akismet-Schl\u00fcssel"
      },
      "4f56cc1383c1e4170dfe1e715a97f5d6":{
         "text":"Kommentar-Filter: Akismet"
      },
      "c6fbad5a67362793950bf96bd0e6dad5":{
         "text":"Nutzt den Akismet-Service um Kommentarspam zu identifizieren. Modul-Plugin f\u00fcr den Feldtyp Kommentar."
      },
      "69dccaed52b0f6af3c11c97b72d0b963":{
         "text":"Falls das automatische Erkennen von Spam in Kommentaren gew\u00fcnscht wird, kann der Kommentar-Feldtyp dazu den Akismet-Service nutzen. Dazu muss ein API-Schl\u00fcssel bei akismet.com angefordert werden. Die Nutzung dieses Services ist optional, wird aber empfohlen."
      }
   }
}