{
    "file": "wire\/modules\/Inputfield\/InputfieldSelect.module",
    "textdomain": "wire--modules--inputfield--inputfieldselect-module",
    "translations": {
        "eed6fbc4de3755e7189b1461a4844bea": {
            "text": "Auswahl eines einzelnen Wertes aus einer select-Box"
        },
        "e0626222614bdee31951d84c64e5e9ff": {
            "text": "select-Auswahl"
        },
        "dae8ace18bdcbcc6ae5aece263e14fe8": {
            "text": "Optionen"
        },
        "3a4accfa68ff7300f67ad7d89e07770e": {
            "text": "Geben Sie die ausw\u00e4hlbaren Optionen ein (eine pro Zeile)."
        },
        "6cdf2b7c6a202509ddad22ed4e6d1c3d": {
            "text": "Geben Sie als erste Option ein Gleichheitszeiten \"=\" an, um der Liste eine leere Option voranzustellen"
        },
        "378f6008c3dc6eb2be984683df372592": {
            "text": "Stellen Sie einer Option ein Pluszeichen voran, um sie vorauszuw\u00e4hlen. Beispiel: +My Option"
        },
        "75d2fefda1196dd14f506b0273ebed38": {
            "text": "Um Wert und Beschriftung zu unterscheiden, trennen Sie diese mit einem Gleichheitszeichen. Beispiel: value=My Option"
        },
        "663f303f44a9a25504e3c434fc37b34d": {
            "text": "Um eine Optionen-Gruppe (optgroup) zu erzeugen, r\u00fccken Sie die Optionen in der Gruppe um 3 oder mehr Leerzeichen ein."
        },
        "7c63f89ebf4832b00f3e7365c794b642": {
            "text": "Um vorausgew\u00e4hlte Standardwerte zu erhalten, tragen Sie die optionalen Werte (einen pro Zeile) unten ein."
        },
        "032f6def0f9076885bcd8366ce324178": {
            "text": "Um einen vorausgew\u00e4hlten Standardwert zu erhalten, tragen Sie den optionalen Wert unten ein."
        },
        "31ce3cdcd67850870b616f75b555bbc5": {
            "text": "Standardwert"
        },
        "d1fd1babab2eaee3f04bcbc5278193d2": {
            "text": "Zur Auswahl einer Standardseite, w\u00e4re dies die Seiten ID Nummer."
        },
        "5c6d4a4ac74797a290100dc74f6cd79d": {
            "text": "WICHTIG: Der Standardwert wird nicht verwendet, es sei denn, das Feld ist erforderlich (siehe Checkbox \"Pflichtfeld\" auf diesem Schirm)."
        }
    }
}