{
    "file": "wire\/modules\/Session\/SessionHandlerDB\/ProcessSessionDB.module",
    "textdomain": "wire--modules--session--sessionhandlerdb--processsessiondb-module",
    "translations": {
        "cd86d5313ca52208459b6bc0cfbe9fbb": {
            "text": "Anzahl Minuten"
        },
        "a76d4ef5f3f6a672bbfab2865563e530": {
            "text": "Zeit"
        },
        "193cfc9be3b995831c6af2fea6650e60": {
            "text": "Seite"
        },
        "32dc37d4cb3662c77f3415b48673af02": {
            "text": "IP-Adresse"
        },
        "96e3fa0d1eb9be568924ee1c73b5594d": {
            "text": "Keine aktiven Sessions"
        },
        "63a6a88c066880c5ac42394a22803ca6": {
            "text": "Aktualisieren"
        },
        "e37d52373bb6cfceb4f1985b2fd76db6": {
            "text": "Aktive Sessions der letzten Minute"
        },
        "4ba03014e35e3b0b49352b059fb7309e": {
            "text": "Aktive Sessions der letzten %d Minuten"
        },
        "7d48386aa0c37cae93a89ad878847b0a": {
            "text": "Erm\u00f6glicht ihnen, die aktiven Datenbank Sessions zu durchsuchen"
        },
        "8f9bfe9d1345237cb3b2b205864da075": {
            "text": "Benutzer"
        },
        "14db3637a09c9b2ca9c1338171285965": {
            "text": "%d aktive Session"
        },
        "a29ecfb237834699193ba759c9af8efe": {
            "text": "%d aktive Sessions"
        },
        "dfb790522fdea3859af206d32916fe77": {
            "text": "User-Agent"
        },
        "a9c4b6c9fbd990849d1f128dfc4ed3e7": {
            "text": "="
        }
    }
}