{
    "file": "wire\/core\/Fieldgroups.php",
    "textdomain": "wire--core--fieldgroups-php",
    "translations": {
        "abce719a5ff28157e0e92337d8dcf8bd": {
            "text": "Kann folgendes Feld nicht finden: %s"
        },
        "f1d3c736f589a82f1519c711fd4123c0": {
            "text": "Kann Feld nicht finden, um den Kontext zum Feld herzustellen: %s"
        },
        "fdd1e49a5de74a22586acf7420fcbd8d": {
            "text": "Achtung, alle Daten in diesem(n) Feld(ern) werden dauerhaft gel\u00f6scht (bitte best\u00e4tigen): %s"
        }
    }
}