{
    "file": "wire\/modules\/Fieldtype\/FieldtypeFieldsetTabOpen.module",
    "textdomain": "wire--modules--fieldtype--fieldtypefieldsettabopen-module",
    "translations": {
        "7d46168ae11400e7b496a22b2bfe6c6f": {
            "text": "In Modal-Fenster \u00f6ffnen?"
        },
        "fb6e6fc9f3f435218d01763c02dec7c3": {
            "text": "Diese Box markieren um den Tab in einem eigenen Modal-Fenster zu \u00f6ffnen. Dies kann die Ausf\u00fchrung von gro\u00dfen Formularen verbessern."
        },
        "e9f1e9337e418af0267d9475c5b46940": {
            "text": "Zur L\u00f6sung einer \u00e4hnlichen Aufgabe k\u00f6nnen Sie stattdessen auch die AJAX-Option, verf\u00fcgbar unter: Eingabe (Tab) > Sichtbarkeit > Pr\u00e4sentation, anwenden."
        }
    }
}