{
    "file": "wire\/modules\/Fieldtype\/FieldtypeSelector.module",
    "textdomain": "wire--modules--fieldtype--fieldtypeselector-module",
    "translations": {
        "edcca7404d60fa39e1e56bbb6c85c519": {
            "text": "Initialer Selektor-Wert"
        },
        "7705e5655113c7b4e5b224010ac7af38": {
            "text": "Hier einen initialen Selektor-String eintragen, welcher als festgelegter Startpunkt f\u00fcr alle von diesem Feld generierten Selektoren dient. Alle Seiten, welche auf diesen benutzer-spezifischen Selektor zutreffen, sind an den hier eingegebenen Selektor gebunden."
        },
        "4795bb99893dc26981eb889746b21499": {
            "text": "Beispiel: template=product"
        }
    }
}