{
    "file": "wire\/core\/WireUpload.php",
    "textdomain": "wire--core--wireupload-php",
    "translations": {
        "c4d20a850d6031b61534f75058ae320d": {
            "text": "Erfolgreich hochgeladen"
        },
        "827ac42f1bc60fab16ae517ddb410e31": {
            "text": "Die hochgeladene Datei \u00fcberschreitet die Einstellung upload_max_filesize in der php.ini."
        },
        "8d9086cb60c50b568ba57e0951dc4025": {
            "text": "Die hochgeladene Datei \u00fcberschreitet die Einstellung MAX_FILE_SIZE, welche im HTML Formular festgelegt ist."
        },
        "4f12b222c9659d62afa795987259933f": {
            "text": "Die Datei wurde nur teilweise hochgeladen."
        },
        "8c9067e52e4440d8a20e74fdc745b0c6": {
            "text": "Es wurde keine Datei hochgeladen."
        },
        "7623dae1dc1a0906e7062e209e36cbdb": {
            "text": "Tempor\u00e4res Verzeichnis fehlt. (tmp)"
        },
        "93252348cf3a42ca5e38b70d5f866d33": {
            "text": "Datei konnte nicht auf Disk geschrieben werden."
        },
        "361e040fc0355a657b76e6727118e6e9": {
            "text": "Datei hochladen abgebrochen wegen Dateityp."
        },
        "b896cdc3267a288d8a0082126a91cb06": {
            "text": "Maximale Anzahl an hochladbaren Dateien erreicht"
        },
        "3317b878f497a7508ea5c2a02cdf8000": {
            "text": "Ung\u00fcltiger Dateityp. Bitte folgende verwenden:"
        },
        "1cd97c3760708f05e24ee5eb7e6034ce": {
            "text": "\u00dcberschreitet maximal erlaubte Dateigr\u00f6\u00dfe"
        },
        "acb6c0f25cc888a8d4e3cdc1dc2c247b": {
            "text": "Keine Dateien im ZIP-Archiv gefunden"
        }
    }
}