{
    "file": "wire\/modules\/Fieldtype\/FieldtypeRepeater\/config.php",
    "textdomain": "wire--modules--fieldtype--fieldtyperepeater--config-php",
    "translations": {
        "cb2d417d536ac6b6d8668d272b28ca47": {
            "text": "Repeater-Feld \"%s\" hat in den Einstellungen eine Bedingung \"Pflichtfeld nur wenn\", dies wird in Repeatern nicht unterst\u00fctzt."
        },
        "5719e7cb7b73c9e6a4b7f3f49b9fd805": {
            "text": "Bitte f\u00fcgen sie diesem Repeater Felder aus dem Tab \"Details\" hinzu."
        },
        "f41ae5ce37aeed3613288bb8c0cc3489": {
            "text": "Definieren Sie die von diesem Repeater benutzten Felder. Sie k\u00f6nnen die Felder mittels Drag 'n' Drop in die gew\u00fcnschte Reihenfolge bringen."
        },
        "6daa35fd97a645b8e37cae080eab3de9": {
            "text": "Feld hinzuf\u00fcgen"
        },
        "ebfc6d0dd40c27dd753e7e6dfbf18dd2": {
            "text": "Repeater-Element Label"
        },
        "66a81e26ad18214b582553f4d33030f2": {
            "text": "Feldname eingeben zur Verwendung als Repeater-Label im Seiten-Editor, oder leer lassen f\u00fcr automatische Erstellung."
        },
        "699a4d80b29a2b87e8bea7946afebe8e": {
            "text": "Zur Verwendung von mehreren Feldern, oder zur Festlegung eines eigenen Format-Strings, umschliessen Sie Feldnamen mit {Klammern}."
        },
        "c5e90fa5edbe00c619ca4d69c3692627": {
            "text": "Um jedem Label eine Repeater-Index-Nummer mitzugeben, f\u00fcgen Sie \"#n\" irgendwo in ihrem Format-String hinzu."
        },
        "4c95bcccf333bef2208b02fbd212af55": {
            "text": "Beispiel: #n: {title}"
        },
        "d347b63bb97431df68506ea3059be495": {
            "text": "Label f\u00fcr neu hinzu zuf\u00fcgendes Element"
        },
        "db9d65ca0ad208926207fbf99636b1f4": {
            "text": "W\u00e4hlen Sie das gew\u00fcnschte Label f\u00fcr den \"Neues Element hinzuf\u00fcgen\" Text\/Button, oder leer lassen f\u00fcr den Standard."
        },
        "ef9eb3b1c72a3d00e09495aa7ecf195a": {
            "text": "Sichtbarkeit des Repeater-Element im Editor"
        },
        "e420623b25fa348e2155e3e2bdbf5620": {
            "text": "Repeater-Elemente k\u00f6nnen aus- oder eingeklappt sein (mit einem Klick \u00f6ffnen). Der eingeklappte Modus ist praktischer zum Sortieren und zur \u00dcbersicht \u00fcber alle Elemente."
        },
        "c2d450307945339defec74620dd295d2": {
            "text": "Neue Elemente ausgeklappt, bestehende Elemente eingeklappt (empfohlen f\u00fcr die meisten F\u00e4lle)"
        },
        "0905199ed34fceff86e31adf81cbc702": {
            "text": "Elemente immer ausgeklappt (deaktiviert dynamisches Laden bestehender Elemente)"
        },
        "83a9d92f04fe2ce7f34ad4e7070c61aa": {
            "text": "Elemente immer eingeklappt"
        },
        "1c1fc75d282666eeffc288a4d82594ba": {
            "text": "Dynamisches Laden (AJAX) des Repeater im Editor"
        },
        "78385cca5a362b333c60753b2fcf6e40": {
            "text": "Welche Elemente sollen dynamisch mit AJAX im Seiten-Editor geladen werden? Falls Ihr Repeater ein Feld verwendet, welches sich nicht dynamisch laden l\u00e4sst, kann es notwendig sein, dieses Feature abzuschalten."
        },
        "18e57decad6ecfd57b1231426deb7f2d": {
            "text": "Bestehende und neue Elemente (empfohlen, speziell f\u00fcr Repeater welche VIELE Elemente haben)"
        },
        "e8b8b3345ab0076aaef6c21cd7ca5b79": {
            "text": "Nur neue Elemente (gut f\u00fcr Repeater welche nur WENIGE Elemente haben)"
        },
        "d15305d7a4e34e02489c74a5ef542f36": {
            "text": "Aus"
        },
        "65f6a551619120fdc79329b66ab6c1fd": {
            "text": "L\u00f6sche alte\/ungenutzte Repeater-Elemente?"
        },
        "9c539ab2317d7056d5d664b083557796": {
            "text": "Es gibt **%d** alte\/ungenutzte Repeater-Elemente. Zum l\u00f6schen diese Box markieren."
        },
        "06f7e37d7cc093483d98d11772f75837": {
            "text": "Maximale Anzahl Repeater-Elemente"
        },
        "9175b33ed3085ade32188d58a242e0bc": {
            "text": "Die maximale Anzahl erlaubter Repeater-Elemente."
        },
        "8db1e9fd86969c9e9ee4c09365c260a6": {
            "text": "Falls auf 0 gesetzt, sind beliebig viele Elemente m\u00f6glich."
        },
        "f29a8c723be64c58c0e9f4cbd6c32a88": {
            "text": "Falls auf 1 gesetzt, verh\u00e4lt sich dieses Feld wie ein einzelnes Element [Page] statt wie mehrere Elemente [PageArray]."
        },
        "66eb0d45c43394f51bdb0397febc5b4f": {
            "text": "Hinweis: Falls outputFormatting abgeschaltet wird, wird sich das Feld unabh\u00e4ngig von dieser Einstellung wie ein PageArray verhalten."
        },
        "8c50c81f9df1bb1d4bc5689f9a6e7204": {
            "text": "Repeater-Typ"
        },
        "cb1f0ec5795fd6ab9a2e980b428cfff5": {
            "text": "'attached': Der Repeater wird sein Template und seine Eltern-Seite selbst verwalten, ohne dass Sie etwas davon mitbekommen oder dar\u00fcber nachdenken m\u00fcssen."
        },
        "e3d6af2ddc6a90779dd75a3f9c753d7f": {
            "text": "'detached': Sie k\u00f6nnen Template und Eltern-Seite des Repeaters verschieben und ver\u00e4ndern, wie sie es f\u00fcr richtig halten."
        },
        "77e23d8e1ff8e93bfc6e188f62e409bd": {
            "text": "Hinweise: Falls 'detached' gew\u00e4hlt wird, wird ProcessWire Eltern-Seite oder Template nicht l\u00f6schen, falls das Feld gel\u00f6scht wird."
        },
        "27dafd7f7794d09bc001fc0acac8e1ad": {
            "text": "%d alte\/ungenutzte Repeater-Elemente gel\u00f6scht"
        },
        "0fe1cc90d79ebfffb11a259cc05d406d": {
            "text": "Eltern-Seite %s ist jetzt 'detached' und kann verschoben oder ver\u00e4ndert werden."
        },
        "678e17a04cd1c42a28cc8a9eff4f60c0": {
            "text": "Repeater-Felder"
        },
        "2db718f06a27de2a35a889b205ef0bb4": {
            "text": "Ge\u00f6ffnete Repeater-Elemente beibehalten?"
        },
        "031e3292fe279734b454896226066dfc": {
            "text": "Wenn markiert, bleiben ge\u00f6ffnete Repeater-Elemente nach dem Speichern oder neuladen im Seiten-Editor offen (es sei denn, der Benutzer schliesst sie)."
        },
        "2878ed508d1b136f7b170f593c0ff00f": {
            "text": "Ein Repeater-Element wird als alt bezeichnet, wenn es mindestens 3 Tage alt ist und noch nicht bef\u00fcllt oder ver\u00f6ffentlicht wurde."
        },
        "fc47b04d62211ce6992143d1e92e2fbe": {
            "text": "Akkordeon-Modus verwenden?"
        },
        "d608f61f5c7a0e2b84a3ae252a596a48": {
            "text": "Wenn markiert, wird nur ein Repeater-Element zum Zeitpunkt ge\u00f6ffnet sein."
        },
        "90ed744894b90ce9c561d6a428cad4ee": {
            "text": "Maximale Anzahl von Elementen"
        },
        "528f529d4617eb805a332c782f8666fe": {
            "text": "Falls Sie die Anzahl der erlaubten Elemente begrenzen wollen, geben Sie hier das Limit ein (0=kein Limit)."
        },
        "f504e6acf8424e003e90434b8f4ada08": {
            "text": "Mindestanzahl von Elementen"
        },
        "d167f14d9682362265c133aca323b335": {
            "text": "Diese Anzahl Elemente sind immer offen und bereit zum Bearbeiten (0=keine Mindestanzahl)"
        },
        "d0deefb333b608453cbec94b81a136de": {
            "text": "Tiefe der Elemente"
        },
        "e316c9556c1be5b536576ce4b27d0575": {
            "text": "Um eine Tiefe von Elementen zu unterst\u00fctzen, hier die maximal erlaubte Tiefe eingeben oder zur Deaktivierung leer lassen."
        },
        "ea3a2c41fc47d9150f65147b030a3ad8": {
            "text": "Beim Bearbeiten eines Repeaters k\u00f6nnen Sie die Tiefe ver\u00e4ndern. Klicken Sie auf den Verschiebe-Pfeil des Repeater-Elements und schieben das Element nach rechts oder links."
        },
        "c8a9e54dcabe5cdebed9c5bd1fa334d4": {
            "text": "Tiefen sind nullbasierend. Dies bedeutet, eine Tiefe von 3 erlaubt Tiefen von 0, 1, 2 und 3."
        },
        "8b3964c39c4eb2db458965c40689f5a0": {
            "text": "Auf die Tiefe zugreifen kann man von einem Repeater-Seiten-Element \u00fcber $item->depth."
        },
        "c79558badd020f417f148d0a7751e6e4": {
            "text": "Feld \"%1$s\" zu \"%2$s\" hinzugef\u00fcgt"
        },
        "5222d983bada8088d0a86ac0ff1e5871": {
            "text": "Feld \"%1$s\" aus \"%2$s\" entfernt"
        }
    }
}