{
    "file": "wire\/modules\/Inputfield\/InputfieldTextarea.module",
    "textdomain": "wire--modules--inputfield--inputfieldtextarea-module",
    "translations": {
        "530f488f7a9800411efc6926ab189708": {
            "text": "Zeilen"
        },
        "c1fa39608b74e309ed351df551eacafd": {
            "text": "Anzahl der Zeilen, die initial f\u00fcr diese Feld ausgegeben werden"
        },
        "2241a30b27a648ef55d21c01f1cda82e": {
            "text": "Mehrzeiliger Text"
        },
        "b5d4d25fe3fa9f8263b5f279a372b709": {
            "text": "="
        },
        "8fe5e05f660fa7d2db7f9bd444d77358": {
            "text": "Wert \u00fcberschreitet die maximal empfohlene L\u00e4nge von %1$d Zeichen (L\u00e4nge=%2$d)."
        }
    }
}