{
    "file": "wire\/modules\/Process\/ProcessLogin\/ProcessLogin.module",
    "textdomain": "wire--modules--process--processlogin--processlogin-module",
    "translations": {
        "5048eab3b6b17142d965cf9d43f6e460": {
            "text": "Sie sind eingeloggt."
        },
        "a0bfb8e59e6c13fc8d990781f77694fe": {
            "text": "Fortsetzen"
        },
        "847549ae30061a6767a4b17c6fb4f53c": {
            "text": "Erfolgreich eingeloggt"
        },
        "48649d8c2d04aa439d10bc45eaba8f75": {
            "text": "Login fehlgeschlagen"
        },
        "646d9e77201093e05380ead006df9975": {
            "text": "Sicherheitswarnung: %s existiert und sollte so schnell wie m\u00f6glich gel\u00f6scht werden."
        },
        "f6039d44b29456b20f8f373155ae4973": {
            "text": "Benutzername"
        },
        "dc647eb65e6711e155375218212b3964": {
            "text": "Passwort"
        },
        "99dea78007133396a7b8ed70578ac6ae": {
            "text": "Einloggen"
        },
        "01a569ddc6cf67ddec2a683f0a5f5956": {
            "text": "Passwort vergessen?"
        },
        "0d5dfb1efbd4144f5e7c8d80df1d09f1": {
            "text": "Sie haben sich ausgeloggt"
        },
        "d837cc5a72556c5e2abf4b9fe10ddef8": {
            "text": "Login"
        },
        "4c429484c06b2d2901b3a582f300af56": {
            "text": "Achtung, in Ihrer \/site\/config.php sind Dateiberechtigungen definiert, welche f\u00fcr viele Umgebungen zu locker sind:"
        },
        "00796cc045b871fe7b2867edef6aaaf7": {
            "text": "Um diese Warnung zu unterdr\u00fccken, setzen Sie in ihrer \/site\/config.php Datei die Einstellung $config->chmodWarn = false;"
        },
        "748befe7a5d432caba8b6cadc4076e92": {
            "text": "Lesen Sie \"Absichern von Dateiberechtigungen\" f\u00fcr weitere Details"
        },
        "efdf35a179a19ed3b3de0d3e7785f17d": {
            "text": "Warnung: Ihr Server-Gebietsschema ist undefiniert und kann Probleme verursachen."
        },
        "25722c10f4f7abdc7297094d5d8f97e6": {
            "text": "Bitte \u00fcbersetzen Sie die \"C\" Gebietsschema-Einstellung f\u00fcr jede Sprache in das richtige Gebietsschema in %s"
        },
        "d5877d284caca4c9b4d55adb8e6e758c": {
            "text": "Zum Beispiel k\u00f6nnte die Gebietsschema-Einstellung f\u00fcr US-Englisch sein: %s"
        },
        "58b0cb95c27f394bd4c6970b563153dd": {
            "text": "Bitte f\u00fcgen Sie dies in der Datei \/site\/config.php hinzu (\"%s\" wie gew\u00fcnscht anpassen):"
        },
        "1860fb17b107cbb39cf6bbfa61130803": {
            "text": "Profil bearbeiten"
        }
    }
}