{
    "file": "wire\/modules\/Inputfield\/InputfieldText.module",
    "textdomain": "wire--modules--inputfield--inputfieldtext-module",
    "translations": {
        "03272093fac940815539048b032444ea": {
            "text": "Einzelne Zeile Text"
        },
        "6f6cb72d544962fa333e2e34ce64f719": {
            "text": "Gr\u00f6\u00dfe"
        },
        "7fcc26bcb0e9d85b555592f97cde9539": {
            "text": "Die angezeigte Breite dieses Feldes (in Zeichen). F\u00fcr volle Breite auf 0 setzen."
        },
        "a4965347ff8523a66897b92fec81e04e": {
            "text": "Die maximal zul\u00e4ssige L\u00e4nge dieses Feldes (in Zeichen)."
        },
        "6485c7641245873388f0170f472183c6": {
            "text": "Platzhalter-Text"
        },
        "dc08a8f73b667ceb56b5a22449e41d3e": {
            "text": "Optionaler Platzhalter-Text, der erscheint, wenn das Feld leer ist."
        },
        "68adfe27201a615848e5da595ae9f690": {
            "text": "Vorgabewert"
        },
        "c3924ea34ee91e9de3ff80493fce8527": {
            "text": "Optionaler Vorgabe-\/Standardwert, mit dem das Feld vorbelegt wird."
        },
        "e79dbc99408f4949cb46ad5b73c7408a": {
            "text": "Wenn markiert, werden alle HTML Tags von Input bei Ausf\u00fchrung entfernt."
        },
        "e69230ccdb60475aa38ea2c4cdc72ea0": {
            "text": "Dies wird empfohlen falls das Feld kein HTML unterst\u00fctzen muss."
        },
        "3c5d93eab9cf5f9c46905bcf44e863af": {
            "text": "Passt nicht zum geforderten Muster"
        },
        "0c576bc57cb2f57f4a2632d59599c26e": {
            "text": "Tags entfernen"
        },
        "6a5e3a3d3be1a3d27b96e1e378c31ad9": {
            "text": "Optionale Regul\u00e4re Ausdr\u00fccke, die f\u00fcr das Eingabe-Feld als Voraussetzung definiert werden k\u00f6nnen. Diese finden zum einen auf der Client-Seite (durch HTML5-Attribute) Anwendung und werden auf dem Server zur Validierung genutzt. Tragen Sie bitte ein Beispiel in die Feld Beschreibung ein."
        },
        "27615527f65d7d865a330397568fe263": {
            "text": "Gehen Sie auf [html5pattern.com](http:\/\/html5pattern.com\/), um Beispiele zu Hilfen zu erhalten."
        },
        "57391192dfa1f247ad015a0fe2eca48e": {
            "text": "Muster"
        },
        "9dffbf69ffba8bc38bc4e01abf4b1675": {
            "text": "="
        },
        "4049392fac457a50d9eb641c5873f41e": {
            "text": "HTML5 \u201crequired\u201d Attribut verwenden?"
        },
        "e20047e93328484a90fd0cf82642d0ff": {
            "text": "Nur auf Felder anwenden welche *immer* sichtbar sind f\u00fcr den Benutzer."
        },
        "3c046b3ba4bce0e808ae74b1f17d4cdc": {
            "text": "1 Wort"
        },
        "4694403722611f0dab5b4020626b289b": {
            "text": "%d Worte"
        },
        "266be751f6043dd6f14366d90c02e395": {
            "text": "1 Zeichen"
        },
        "1799f67dd85c2b51921d814c95bc30dc": {
            "text": "%d Zeichen"
        },
        "42eab4ec87a7e8c172ab10a645ab9301": {
            "text": "(mindestens %d ben\u00f6tigt)."
        },
        "cd4377f9e686f1024a3d4358bf96235e": {
            "text": "(max %d)"
        },
        "587a544effd13d88cb89456df1222d73": {
            "text": "Mindestens %1$d Zeichen sind notwendig (momentan sind es %2$d Zeichen)."
        },
        "773726357c07d9847f900eef6ed9b6af": {
            "text": "Wert \u00fcberschreitet maximal erlaubte L\u00e4nge von %d Zeichen und wurde gek\u00fcrzt."
        },
        "65be4bb9e294bfb3e8b7c09ca0017ef4": {
            "text": "Mindestl\u00e4nge"
        },
        "9df187935ceb54067692c568b45e042b": {
            "text": "Die Mindestl\u00e4nge (in Zeichen) welche f\u00fcr dieses Feld ben\u00f6tigt wird."
        },
        "8eaf7dcee17c55fd550a28c803b47718": {
            "text": "Falls dieses kein \"Pflichtfeld\" ist, wird die Mindestl\u00e4nge nur erzwungen, wenn ein Wert vorhanden ist."
        },
        "94f0e608658539187d65dddeea593677": {
            "text": "Maximall\u00e4nge"
        },
        "62b926a914028b7677a7c1e33ae9306e": {
            "text": "Ein Wert von \"0\" zeigt kein Maximum an."
        },
        "64d129224a5377b63e9727479ec987d9": {
            "text": "Z\u00e4hler"
        },
        "e98d599c27d0cc5eac6f2306b4c5891a": {
            "text": "Kein Z\u00e4hler"
        },
        "00914008e58920e2994f712269d2e306": {
            "text": "Zeichen-Z\u00e4hler"
        },
        "e5be16f125cae69d8a9185392d6b3393": {
            "text": "Wort-Z\u00e4hler"
        },
        "8f72b73949c8127fb6e116573cbb970c": {
            "text": "Es wird empfohlen einen Zeichen-Z\u00e4hler anzuzeigen, wenn man oben die Einstellungen der Mindest-\/Maximal-L\u00e4nge verwendet."
        }
    }
}