{
    "file": "wire\/modules\/Fieldtype\/FieldtypeFile.module",
    "textdomain": "wire--modules--fieldtype--fieldtypefile-module",
    "translations": {
        "abc5c518b64936be795f070ed2adf84f": {
            "text": "Erlaubte Dateiformate"
        },
        "b3f2fb9ff683cc6bb4e353a8c443260c": {
            "text": "Alle erlaubten Dateiformate eintragen. Jedes Format mit einem Leerzeichen trennen. Keine Punkte oder Kommas. Es wird nicht wird zwischen Gro\u00df- und Kleinschreibung unterschieden."
        },
        "6231c154d164f467041abbb0151816dc": {
            "text": "Maximale erlaubte Anzahl an Dateien"
        },
        "3fc82a72e38b059cea88dcfbdaeafff8": {
            "text": "Tags verwenden?"
        },
        "00f6c76a7a83b1d7aab61a93e513e9d5": {
            "text": "Eingabefeld-Typ"
        },
        "23f8d89e38fb131310ab885bad04b966": {
            "text": "Der genutzte Feldtyp zur Sammeleingabe."
        },
        "91f3a2c0e4424c87689525da44c4db11": {
            "text": "Dateien"
        },
        "2cb39a29b55cb3b4480c782dbe367518": {
            "text": "Feld, welches eine oder mehr Dateien speichert"
        },
        "435ed7e9f07f740abf511a62c00eef6e": {
            "text": "Dateiname"
        },
        "3e560c05ba6d07bcd41ac1053b5b9437": {
            "text": "Feld \"%s\" ist noch nicht nutzbar und muss konfiguriert werden."
        },
        "2383ea51d67a0b84eda10737be272a9e": {
            "text": "0=Kein Limit"
        },
        "f217d0fdc1aad53234d09e7107b25316": {
            "text": "Formatierter Wert"
        },
        "f09906b55a7a66786de08cb25550a2c8": {
            "text": "W\u00e4hlen Sie den Typ des Wertes, welchen dieses Feld ausgeben soll, wenn \u00fcber die API auf dem Frontend Ihrer Seite darauf zugegriffen wird."
        },
        "ffb520d31a51841782cf1cba617fc875": {
            "text": "Wenn die Formatierung der Ausgabe nicht aktiv ist, entspricht der Wert immer einem Array (WireArray)."
        },
        "6e7e8b4097cb9c2651e291b007b8efad": {
            "text": "Automatisch (einzelnes Element oder null wenn max. Dateien auf 1 gesetzt ist, anderenfalls ein Array mit Elementen)"
        },
        "b93d9ddf4fe98458456fa4a117acf665": {
            "text": "Array von Elementen"
        },
        "fd392fe52f347bbf7391f791b963416d": {
            "text": "Einzelnes Element (null falls leer)"
        },
        "6f836d738a527f80156286edc9d1f829": {
            "text": "Gerenderte Textfolge (die Sie anbieten)"
        },
        "ad3f5d66e216a4f1b65654b8b70d592f": {
            "text": "Gerenderte Textfolge"
        },
        "fefb41e13016890d511b8d55d8057c37": {
            "text": "Gibt die Textfolge aus, welche Sie als Wert f\u00fcr dieses Feld w\u00fcnschen. Falls das Feld mehrere Elemente enth\u00e4lt, wird die Textfolge mehrmals ausgegeben. Enth\u00e4lt das Feld keine Elemente, wird eine leere Textfolge ausgegeben."
        },
        "839047fe3f6109257399fe301ddb7912": {
            "text": "Sie k\u00f6nnen jeden der folgenden Tags verwenden:"
        },
        "a1ede0a9a3c447cb83c7b6598dc556ff": {
            "text": "Standardwert (wenn leer)"
        },
        "05ac72cc4df427baf9db44228a577ed7": {
            "text": "Optional w\u00e4hlen Sie eine Seite welche den Standardwert (in selben Feld) enth\u00e4lt. Es bleibt ihnen \u00fcberlassen, eine Seite speziell f\u00fcr diesen Zweck zu erstellen."
        },
        "b17288f2ed130badc7ac8919f95fd5f1": {
            "text": "Text-Formatierer (f\u00fcr Dateibeschreibung)"
        },
        "8d664d296530bbabc76043e4e499b272": {
            "text": "W\u00e4hlen Sie einen oder mehrere Text-Formatierer (und ihre Reihenfolge), welche auf die Dateibeschreibung angewendet werden, wenn die Formatierung der Ausgabe aktiviert ist. Mindestens der HTML Entity Encoder wird empfohlen."
        },
        "a8d5114d10f7846bf0263c4e4207137e": {
            "text": "Einstellungen wurden noch nicht ausgef\u00fchrt."
        },
        "d950e30995efd1abcc2dc812404f03c5": {
            "text": "Bitte die Einstellungen auf dieser Seite \u00fcberpr\u00fcfen und zur Best\u00e4tigung ein weiteres mal speichern (selbst wenn nichts ge\u00e4ndert wurde)."
        },
        "9cdd19f51364783933fefd557c7cd644": {
            "text": "Dies nur \u00e4ndern, wenn es von einem Drittanbieter-Eingabefeld-Modul gefordert wird."
        },
        "e380459ef1125b0733738668d0bd747c": {
            "text": "Falls ausgew\u00e4hlt, enth\u00e4lt das Feld auch eine Option f\u00fcr Tags zus\u00e4tzlich zur Beschreibung."
        },
        "b32f1d32240c3f4298baf57f5f0d88b1": {
            "text": "Benutzer w\u00e4hlt aus Liste vordefinierter Tags"
        },
        "18856ebc636a3ce5a3e083ddd831c949": {
            "text": "Tags deaktiviert"
        },
        "564d93d129c0a94937b12c4fafa4ad62": {
            "text": "Benutzer gibt Tags per Texteingabe ein"
        },
        "83b7a060baaabcf327d37b63bf72bd63": {
            "text": "K\u00f6nnen ihre eigenen eingeben"
        },
        "2f3446ffcef315485017078a9ed7cc76": {
            "text": "Vordefinierte Tags"
        },
        "43bce07bd160232ee31114541357640c": {
            "text": "Eingabe von Tags getrennt durch Leerzeichen. Tags k\u00f6nnen Buchstaben, Zahlen, Unterstriche oder Bindestriche enthalten."
        }
    }
}