{
    "file": "wire\/core\/Inputfield.php",
    "textdomain": "wire--core--inputfield-php",
    "translations": {
        "1729a56cfc89021478498fe0c89a843a": {
            "text": "Sichtbarkeit"
        },
        "49632d1c8309d42371ab31fe84d56c91": {
            "text": "Wie soll dieses Feld im Editor angezeigt werden?"
        },
        "0eb0b305235144ffe99e247b24200b09": {
            "text": "Breite im Verh\u00e4ltnis zum Container des Feldes (in Prozent, 10%-100%). Erzeugt nebeneinander angeordnete Spalten, falls es neben anderen Feldern mit reduzierter Breite positioniert ist."
        },
        "8387772e28e9c2b81fa8cb674e569663": {
            "text": "Hinweis: Nicht alle Felder werden auf reduzierter Breite funktionieren; Sie sollten die Ergebnisse \u00fcberpr\u00fcfen, nachdem Sie die Werte ver\u00e4ndert haben."
        },
        "6e18e908568ef24580d93bfd3e0f40d7": {
            "text": "Pflichtfeld?"
        },
        "c48c7243fc307fd425df738c9f0f4324": {
            "text": "Falls ausgew\u00e4hlt, muss in diesem Feld ein Wert eingegeben werden."
        },
        "c7bc3fddddb62d5b656adc30cea77a55": {
            "text": "Pr\u00e4sentation"
        },
        "3b57940d51a0ed7f2d5c49363114bd0e": {
            "text": "Bedingung eingeben, unter welcher dieses Feld angezeigt wird."
        },
        "efdf8051d64766330e13627274b01787": {
            "text": "Bedingungen werden dargestellt mit einem \"field=value\" Selektor, welcher die passenden Felder und Werte enth\u00e4lt. Mehrere Bedingungen mit Komma trennen."
        },
        "bb0df4a2d5e0d99eaba53f152ff7f0f7": {
            "text": "Bedingung eintragen zu welcher ein Wert f\u00fcr dieses Feld ben\u00f6tigt wird."
        },
        "c3bf447eabe632720a3aa1a7ce401274": {
            "text": "Offen"
        },
        "0d2d71d5551271c673df720e61b08cf8": {
            "text": "Offen + Kann nicht geschlossen werden"
        },
        "5995da1dbd9a2df5487ab0324f2d4a01": {
            "text": "Offen wenn ausgef\u00fcllt + Geschlossen wenn leer"
        },
        "e75c5e5c17a86f893fac8d2b7b7a3762": {
            "text": "Offen wenn ausgef\u00fcllt + Geschlossen wenn leer + Laden nur beim \u00d6ffnen (AJAX)"
        },
        "3a28674fd51f34234723d80de10c6382": {
            "text": "Offen wenn ausgef\u00fcllt + Geschlossen wenn leer + Gesperrt (nicht editierbar)"
        },
        "2f6f6a0f0c4157d8a5174b75063ba0e2": {
            "text": "Offen wenn leer + Geschlossen wenn ausgef\u00fcllt"
        },
        "03f4a47830f97377a35321051685071e": {
            "text": "Geschlossen"
        },
        "3567554c6ab1f1648a4b4ecbbbb4733d": {
            "text": "Geschlossen + Gesperrt (nicht editierbar)"
        },
        "9101591614e0d079e052d9cbf4e1c203": {
            "text": "Geschlossen + Laden nur beim \u00d6ffnen (AJAX)"
        },
        "cb6df4e080dea0319f74d565e587c2b5": {
            "text": "Optionen mit Angabe von %s funktionieren unter Umst\u00e4nden nicht mit allen Eingabefeldern oder Einstellungen. Bitte entsprechend testen."
        },
        "2145d1256ac3cfac3444b42d04572b4e": {
            "text": "Versteckt (nicht sichtbar im Editor)"
        },
        "44158720c6f7deaff17b2430d3d31254": {
            "text": "Zeige dieses Feld nur wenn"
        },
        "c1d71aa80e02ee67489431d11e5f58a8": {
            "text": "Pflichtfeld nur wenn"
        },
        "2d7ff3fa8a1a844b270d96878d358762": {
            "text": "Lesen Sie mehr dazu [wie man dies anwendet](http:\/\/processwire.com\/api\/selectors\/inputfield-dependencies\/)."
        },
        "b26d2db211d5748ab5ca3f2b5124e63a": {
            "text": "Spaltenbreite (%d%%)"
        }
    }
}