{
    "file": "wire\/modules\/LanguageSupport\/LanguageSupportPageNames.module",
    "textdomain": "wire--modules--languagesupport--languagesupportpagenames-module",
    "translations": {
        "ae739a236065a45c64ad51aacb19498c": {
            "text": "Aktiv?"
        },
        "35b837a5674ea74e192fc0fa8b68f46c": {
            "text": "Pr\u00e4fix f\u00fcr die Seitenzahlen (Pagination)"
        },
        "5b5fec43bb1313c56d2e944d9567cd96": {
            "text": "Die URL der Startseite in der Standardsprache ist identisch mit der Root-URL?"
        },
        "6fbae724946d15c837d8d88af35ed18c": {
            "text": "W\u00e4hlen Sie **Ja** wenn die Startseite in Ihrer Standardsprache \u00fcber die Root-URL \/ ausgeliefert werden soll (empfohlen). W\u00e4hlen Sie **Nein** wenn Ihre Root-URL einen redirect ausf\u00fchren soll auf **\/name\/** (hier entspricht \/name\/ dem Namen Ihrer Startseite in der Standardsprache)."
        },
        "fccde8e7592dffb93fe985bc462771c0": {
            "text": "Diese Einstellung betrifft nur das Verhalten der Startseite. Falls Sie Nein w\u00e4hlen, muss sicher gestellt sein, dass f\u00fcr Ihre Startseite ein Name in der Standardsprache definiert ist."
        },
        "ff88cd079dc8d2fb836b8807f5d266a4": {
            "text": "Ja - die Root-URL liefert die Startseite in der Standardsprache aus (empfohlen)"
        },
        "f1bd84fbcee1b287fe538f7df1cbd700": {
            "text": "Nein - die Root-URL f\u00fchrt einen redirect aus auf: \/name\/"
        },
        "68d765216e3092d42524f9f6f14ce93c": {
            "text": "Die Seitennummer wird an das Wort in paginierten URLs f\u00fcr diese Sprache angeh\u00e4ngt. Falls ausgelassen, wird \"%s\" verwendet."
        },
        "d5af3f8c985a3592422462cce67bc86c": {
            "text": "Eine Geschwisterseite (id =%1$d) verwendet bereits den Namen \"%2$s\" f\u00fcr die Sprache: %3$s"
        }
    }
}